candidate_id,session_date,expiration,calendar_dte,target_credit,model,entry_supported,source_complete,phase3b_complete,eligible,modeled_entry_price,modeled_exit_debit,exit_ns,terminal_fallback,pnl
939,2023-03-28,2023-03-30,2,5.0,minute_touch_original_quote_terminal,True,True,False,True,4.850000000000006,2.55,1680096660000000000,False,4547.040000000012
939,2023-03-28,2023-03-30,2,5.0,minute_touch_settlement,True,True,False,True,4.850000000000006,2.55,1680096660000000000,False,4547.040000000012
939,2023-03-28,2023-03-30,2,5.0,persist_2_settlement,True,True,False,True,4.850000000000006,2.5000000000000027,1680096720000000000,False,4647.040000000006
939,2023-03-28,2023-03-30,2,5.0,persist_3_settlement,True,True,False,True,4.850000000000006,2.6500000000000012,1680096780000000000,False,4347.040000000009
939,2023-03-28,2023-03-30,2,5.0,event_strong,True,True,False,True,4.95,3,1680111088238019319,False,3847.0400000000004
939,2023-03-28,2023-03-30,2,5.0,event_strong_plausible,True,True,False,True,4.95,3,1680010322323395914,False,3847.0400000000004
939,2023-03-28,2023-03-30,2,5.0,event_conservative,True,True,False,True,4.75,3,1680118712650882554,False,3447.04
940,2023-03-28,2023-03-30,2,6.0,minute_touch_original_quote_terminal,True,True,False,True,5.95,2.9499999999999913,1680096660000000000,False,5947.040000000018
940,2023-03-28,2023-03-30,2,6.0,minute_touch_settlement,True,True,False,True,5.95,2.9499999999999913,1680096660000000000,False,5947.040000000018
940,2023-03-28,2023-03-30,2,6.0,persist_2_settlement,True,True,False,True,5.95,2.9500000000000055,1680096840000000000,False,5947.039999999989
940,2023-03-28,2023-03-30,2,6.0,persist_3_settlement,True,True,False,True,5.95,2.849999999999997,1680097080000000000,False,6147.040000000006
940,2023-03-28,2023-03-30,2,6.0,event_strong,True,True,False,True,5.95,3,1680117389077137734,False,5847.04
940,2023-03-28,2023-03-30,2,6.0,event_strong_plausible,True,True,False,True,5.95,3,1680096617361783499,False,5847.04
940,2023-03-28,2023-03-30,2,6.0,event_conservative,True,True,False,True,5.75,3,1680117389077137734,False,5447.04
941,2023-03-28,2023-03-30,2,7.0,minute_touch_original_quote_terminal,True,True,False,True,7.0499999999999945,2.849999999999997,1680116520000000000,False,8347.039999999995
941,2023-03-28,2023-03-30,2,7.0,minute_touch_settlement,True,True,False,True,7.0499999999999945,2.849999999999997,1680116520000000000,False,8347.039999999995
941,2023-03-28,2023-03-30,2,7.0,persist_2_settlement,True,True,False,True,7.0499999999999945,1.3499999999999972,1680183120000000000,False,11347.039999999995
941,2023-03-28,2023-03-30,2,7.0,persist_3_settlement,True,True,False,True,7.0499999999999945,1.05,1680183180000000000,False,11947.03999999999
941,2023-03-28,2023-03-30,2,7.0,event_strong,True,True,False,True,6.95,3,1680183130155677961,False,7847.04
941,2023-03-28,2023-03-30,2,7.0,event_strong_plausible,True,True,False,True,6.95,3,1680032314021138638,False,7847.04
941,2023-03-28,2023-03-30,2,7.0,event_conservative,True,True,False,True,6.75,3,1680183130155677961,False,7447.04
942,2023-03-28,2023-03-31,3,5.0,minute_touch_original_quote_terminal,True,True,False,True,4.95,2.6999999999999913,1680103680000000000,False,4447.040000000018
942,2023-03-28,2023-03-31,3,5.0,minute_touch_settlement,True,True,False,True,4.95,2.6999999999999913,1680103680000000000,False,4447.040000000018
942,2023-03-28,2023-03-31,3,5.0,persist_2_settlement,True,True,False,True,4.95,2.8,1680117420000000000,False,4247.040000000001
942,2023-03-28,2023-03-31,3,5.0,persist_3_settlement,True,True,False,True,4.95,2.55,1680117660000000000,False,4747.040000000001
942,2023-03-28,2023-03-31,3,5.0,event_strong,True,True,False,True,4.95,3,1680183676485283108,False,3847.0400000000004
942,2023-03-28,2023-03-31,3,5.0,event_strong_plausible,True,True,False,True,4.95,3,1680012036943828154,False,3847.0400000000004
942,2023-03-28,2023-03-31,3,5.0,event_conservative,True,True,False,True,4.75,3,1680183676485283108,False,3447.04
943,2023-03-28,2023-03-31,3,6.0,minute_touch_original_quote_terminal,True,True,False,True,6.0499999999999945,2.849999999999997,1680103800000000000,False,6347.039999999995
943,2023-03-28,2023-03-31,3,6.0,minute_touch_settlement,True,True,False,True,6.0499999999999945,2.849999999999997,1680103800000000000,False,6347.039999999995
943,2023-03-28,2023-03-31,3,6.0,persist_2_settlement,True,True,False,True,6.0499999999999945,2.9000000000000012,1680119400000000000,False,6247.039999999986
943,2023-03-28,2023-03-31,3,6.0,persist_3_settlement,True,True,False,True,6.0499999999999945,2.9500000000000055,1680119460000000000,False,6147.039999999978
943,2023-03-28,2023-03-31,3,6.0,event_strong,True,True,False,True,5.95,3,1680186479055238007,False,5847.04
943,2023-03-28,2023-03-31,3,6.0,event_strong_plausible,True,True,False,True,5.95,3,1680032314056197942,False,5847.04
943,2023-03-28,2023-03-31,3,6.0,event_conservative,True,True,False,True,5.75,3,1680186485358598601,False,5447.04
944,2023-03-28,2023-03-31,3,7.0,minute_touch_original_quote_terminal,True,True,False,True,7.050000000000023,2.6999999999999984,1680183060000000000,False,8647.04000000005
944,2023-03-28,2023-03-31,3,7.0,minute_touch_settlement,True,True,False,True,7.050000000000023,2.6999999999999984,1680183060000000000,False,8647.04000000005
944,2023-03-28,2023-03-31,3,7.0,persist_2_settlement,True,True,False,True,7.050000000000023,2.5000000000000027,1680183360000000000,False,9047.04000000004
944,2023-03-28,2023-03-31,3,7.0,persist_3_settlement,True,True,False,True,7.050000000000023,2.7999999999999927,1680183420000000000,False,8447.04000000006
944,2023-03-28,2023-03-31,3,7.0,event_strong,True,True,False,True,6.95,3,1680186885330496111,False,7847.04
944,2023-03-28,2023-03-31,3,7.0,event_strong_plausible,True,True,False,True,6.95,3,1680014004701517794,False,7847.04
944,2023-03-28,2023-03-31,3,7.0,event_conservative,True,True,False,True,6.75,3,1680186885330496111,False,7447.04
945,2023-03-29,2023-03-31,2,5.0,minute_touch_original_quote_terminal,True,True,False,True,4.7500000000000115,2.5000000000000027,1680183060000000000,False,4447.040000000018
945,2023-03-29,2023-03-31,2,5.0,minute_touch_settlement,True,True,False,True,4.7500000000000115,2.5000000000000027,1680183060000000000,False,4447.040000000018
945,2023-03-29,2023-03-31,2,5.0,persist_2_settlement,True,True,False,True,4.7500000000000115,2.300000000000007,1680183120000000000,False,4847.040000000009
945,2023-03-29,2023-03-31,2,5.0,persist_3_settlement,True,True,False,True,4.7500000000000115,2.200000000000002,1680183180000000000,False,5047.040000000019
945,2023-03-29,2023-03-31,2,5.0,event_strong,True,True,False,True,4.95,3,1680185540525726120,False,3847.0400000000004
945,2023-03-29,2023-03-31,2,5.0,event_strong_plausible,True,True,False,True,4.95,3,1680097005617912337,False,3847.0400000000004
945,2023-03-29,2023-03-31,2,5.0,event_conservative,True,True,False,True,4.75,3,1680185540525726120,False,3447.04
946,2023-03-29,2023-03-31,2,6.0,minute_touch_original_quote_terminal,True,True,False,True,5.7500000000000115,2.6999999999999913,1680183180000000000,False,6047.040000000041
946,2023-03-29,2023-03-31,2,6.0,minute_touch_settlement,True,True,False,True,5.7500000000000115,2.6999999999999913,1680183180000000000,False,6047.040000000041
946,2023-03-29,2023-03-31,2,6.0,persist_2_settlement,True,True,False,True,5.7500000000000115,2.8,1680183240000000000,False,5847.040000000024
946,2023-03-29,2023-03-31,2,6.0,persist_3_settlement,True,True,False,True,5.7500000000000115,2.599999999999997,1680184620000000000,False,6247.040000000029
946,2023-03-29,2023-03-31,2,6.0,event_strong,True,True,False,True,5.95,3,1680201528417973899,False,5847.04
946,2023-03-29,2023-03-31,2,6.0,event_strong_plausible,True,True,False,True,5.95,3,1680098772907768926,False,5847.04
946,2023-03-29,2023-03-31,2,6.0,event_conservative,True,True,False,True,5.75,3,1680201528417973899,False,5447.04
947,2023-03-29,2023-03-31,2,7.0,minute_touch_original_quote_terminal,True,True,False,True,6.7500000000000115,2.1999999999999984,1680196860000000000,False,9047.040000000026
947,2023-03-29,2023-03-31,2,7.0,minute_touch_settlement,True,True,False,True,6.7500000000000115,2.1999999999999984,1680196860000000000,False,9047.040000000026
947,2023-03-29,2023-03-31,2,7.0,persist_2_settlement,True,True,False,True,6.7500000000000115,2.1499999999999977,1680269700000000000,False,9147.040000000028
947,2023-03-29,2023-03-31,2,7.0,persist_3_settlement,True,True,False,True,6.7500000000000115,2.3,1680269760000000000,False,8847.040000000025
947,2023-03-29,2023-03-31,2,7.0,event_strong,True,True,False,True,6.95,3,1680271481324683648,False,7847.04
947,2023-03-29,2023-03-31,2,7.0,event_strong_plausible,True,True,False,True,6.95,3,1680116497130585039,False,7847.04
947,2023-03-29,2023-03-31,2,7.0,event_conservative,True,True,False,True,6.75,3,1680271481324683648,False,7447.04
948,2023-03-31,2023-04-03,3,5.0,minute_touch_original_quote_terminal,True,True,False,True,4.850000000000006,2.9499999999999984,1680276120000000000,False,3747.040000000015
948,2023-03-31,2023-04-03,3,5.0,minute_touch_settlement,True,True,False,True,4.850000000000006,2.9499999999999984,1680276120000000000,False,3747.040000000015
948,2023-03-31,2023-04-03,3,5.0,persist_2_settlement,True,True,False,True,4.850000000000006,2.899999999999994,1680276180000000000,False,3847.0400000000236
948,2023-03-31,2023-04-03,3,5.0,persist_3_settlement,True,True,False,True,4.850000000000006,2.9499999999999984,1680276240000000000,False,3747.040000000015
948,2023-03-31,2023-04-03,3,5.0,event_strong,True,True,False,True,4.95,3,1680289574941272957,False,3847.0400000000004
948,2023-03-31,2023-04-03,3,5.0,event_strong_plausible,True,True,False,True,4.95,3,1680269482092233112,False,3847.0400000000004
948,2023-03-31,2023-04-03,3,5.0,event_conservative,True,True,False,True,4.75,3,1680289622687247242,False,3447.04
949,2023-03-31,2023-04-03,3,6.0,minute_touch_original_quote_terminal,True,True,False,True,5.849999999999992,2.9499999999999984,1680280440000000000,False,5747.039999999986
949,2023-03-31,2023-04-03,3,6.0,minute_touch_settlement,True,True,False,True,5.849999999999992,2.9499999999999984,1680280440000000000,False,5747.039999999986
949,2023-03-31,2023-04-03,3,6.0,persist_2_settlement,True,True,False,True,5.849999999999992,2.9500000000000055,1680280980000000000,False,5747.039999999973
949,2023-03-31,2023-04-03,3,6.0,persist_3_settlement,True,True,False,True,5.849999999999992,2.9500000000000055,1680281040000000000,False,5747.039999999973
949,2023-03-31,2023-04-03,3,6.0,event_strong,True,True,False,True,5.95,3,1680529699043746799,False,5847.04
949,2023-03-31,2023-04-03,3,6.0,event_strong_plausible,True,True,False,True,5.95,3,1680269674901622444,False,5847.04
949,2023-03-31,2023-04-03,3,6.0,event_conservative,True,True,False,True,5.75,3,1680529699043746799,False,5447.04
950,2023-03-31,2023-04-03,3,7.0,minute_touch_original_quote_terminal,True,True,False,True,6.849999999999977,2.9499999999999984,1680289860000000000,False,7747.039999999958
950,2023-03-31,2023-04-03,3,7.0,minute_touch_settlement,True,True,False,True,6.849999999999977,2.9499999999999984,1680289860000000000,False,7747.039999999958
950,2023-03-31,2023-04-03,3,7.0,persist_2_settlement,True,True,False,True,6.849999999999977,2.6999999999999984,1680290520000000000,False,8247.039999999959
950,2023-03-31,2023-04-03,3,7.0,persist_3_settlement,True,True,False,True,6.849999999999977,2.7500000000000027,1680290580000000000,False,8147.039999999949
950,2023-03-31,2023-04-03,3,7.0,event_strong,True,True,False,True,6.95,3,1680548565906849960,False,7847.04
950,2023-03-31,2023-04-03,3,7.0,event_strong_plausible,True,True,False,True,6.95,3,1680270155076670097,False,7847.04
950,2023-03-31,2023-04-03,3,7.0,event_conservative,True,True,False,True,6.75,3,1680548566716855681,False,7447.04
951,2023-04-03,2023-04-05,2,5.0,minute_touch_original_quote_terminal,True,True,False,True,4.900000000000017,2.9000000000000083,1680615060000000000,False,3947.0400000000177
951,2023-04-03,2023-04-05,2,5.0,minute_touch_settlement,True,True,False,True,4.900000000000017,2.9000000000000083,1680615060000000000,False,3947.0400000000177
951,2023-04-03,2023-04-05,2,5.0,persist_2_settlement,True,True,False,True,4.900000000000017,2.6999999999999984,1680616920000000000,False,4347.040000000037
951,2023-04-03,2023-04-05,2,5.0,persist_3_settlement,True,True,False,True,4.900000000000017,2.849999999999997,1680617400000000000,False,4047.040000000041
951,2023-04-03,2023-04-05,2,5.0,event_strong,True,True,False,True,4.95,10.0,,True,-10152.96
951,2023-04-03,2023-04-05,2,5.0,event_strong_plausible,True,True,False,True,4.95,3,1680528704709260424,False,3847.0400000000004
951,2023-04-03,2023-04-05,2,5.0,event_conservative,True,True,False,True,4.75,10.0,,True,-10552.96
952,2023-04-03,2023-04-05,2,6.0,minute_touch_original_quote_terminal,True,True,False,True,5.899999999999989,10.0,,True,-8252.960000000021
952,2023-04-03,2023-04-05,2,6.0,minute_touch_settlement,True,True,False,True,5.899999999999989,10.0,,True,-8252.960000000021
952,2023-04-03,2023-04-05,2,6.0,persist_2_settlement,True,True,False,True,5.899999999999989,10.0,,True,-8252.960000000021
952,2023-04-03,2023-04-05,2,6.0,persist_3_settlement,True,True,False,True,5.899999999999989,10.0,,True,-8252.960000000021
952,2023-04-03,2023-04-05,2,6.0,event_strong,True,True,False,True,5.95,10.0,,True,-8152.96
952,2023-04-03,2023-04-05,2,6.0,event_strong_plausible,True,True,False,True,5.95,3,1680530779013075695,False,5847.04
952,2023-04-03,2023-04-05,2,6.0,event_conservative,True,True,False,True,5.75,10.0,,True,-8552.96
953,2023-04-03,2023-04-05,2,7.0,minute_touch_original_quote_terminal,True,True,False,True,6.999999999999983,9.99999999999999,,True,-6052.960000000013
953,2023-04-03,2023-04-05,2,7.0,minute_touch_settlement,True,True,False,True,6.999999999999983,10.0,,True,-6052.960000000034
953,2023-04-03,2023-04-05,2,7.0,persist_2_settlement,True,True,False,True,6.999999999999983,10.0,,True,-6052.960000000034
953,2023-04-03,2023-04-05,2,7.0,persist_3_settlement,True,True,False,True,6.999999999999983,10.0,,True,-6052.960000000034
953,2023-04-03,2023-04-05,2,7.0,event_strong,True,True,False,True,6.95,10.0,,True,-6152.96
953,2023-04-03,2023-04-05,2,7.0,event_strong_plausible,True,True,False,True,6.95,3,1680532676564145788,False,7847.04
953,2023-04-03,2023-04-05,2,7.0,event_conservative,True,True,False,True,6.75,10.0,,True,-6552.96
954,2023-04-03,2023-04-06,3,5.0,minute_touch_original_quote_terminal,True,True,False,True,4.95,10.0,,True,-10152.96
954,2023-04-03,2023-04-06,3,5.0,minute_touch_settlement,True,True,False,True,4.95,10.0,,True,-10152.96
954,2023-04-03,2023-04-06,3,5.0,persist_2_settlement,True,True,False,True,4.95,10.0,,True,-10152.96
954,2023-04-03,2023-04-06,3,5.0,persist_3_settlement,True,True,False,True,4.95,10.0,,True,-10152.96
954,2023-04-03,2023-04-06,3,5.0,event_strong,True,True,False,True,4.95,10.0,,True,-10152.96
954,2023-04-03,2023-04-06,3,5.0,event_strong_plausible,True,True,False,True,4.95,3,1680528718091948814,False,3847.0400000000004
954,2023-04-03,2023-04-06,3,5.0,event_conservative,True,True,False,True,4.75,10.0,,True,-10552.96
955,2023-04-03,2023-04-06,3,6.0,minute_touch_original_quote_terminal,True,True,False,True,5.900000000000017,10.0,,True,-8252.959999999965
955,2023-04-03,2023-04-06,3,6.0,minute_touch_settlement,True,True,False,True,5.900000000000017,10.0,,True,-8252.959999999965
955,2023-04-03,2023-04-06,3,6.0,persist_2_settlement,True,True,False,True,5.900000000000017,10.0,,True,-8252.959999999965
955,2023-04-03,2023-04-06,3,6.0,persist_3_settlement,True,True,False,True,5.900000000000017,10.0,,True,-8252.959999999965
955,2023-04-03,2023-04-06,3,6.0,event_strong,True,True,False,True,5.95,10.0,,True,-8152.96
955,2023-04-03,2023-04-06,3,6.0,event_strong_plausible,True,True,False,True,5.95,3,1680530407699273982,False,5847.04
955,2023-04-03,2023-04-06,3,6.0,event_conservative,True,True,False,True,5.75,10.0,,True,-8552.96
956,2023-04-03,2023-04-06,3,7.0,minute_touch_original_quote_terminal,True,True,False,True,6.7999999999999945,10.0,,True,-6452.960000000011
956,2023-04-03,2023-04-06,3,7.0,minute_touch_settlement,True,True,False,True,6.7999999999999945,10.0,,True,-6452.960000000011
956,2023-04-03,2023-04-06,3,7.0,persist_2_settlement,True,True,False,True,6.7999999999999945,10.0,,True,-6452.960000000011
956,2023-04-03,2023-04-06,3,7.0,persist_3_settlement,True,True,False,True,6.7999999999999945,10.0,,True,-6452.960000000011
956,2023-04-03,2023-04-06,3,7.0,event_strong,True,True,False,True,6.95,10.0,,True,-6152.96
956,2023-04-03,2023-04-06,3,7.0,event_strong_plausible,True,True,False,True,6.95,3,1680532676593229904,False,7847.04
956,2023-04-03,2023-04-06,3,7.0,event_conservative,True,True,False,True,6.75,10.0,,True,-6552.96
978,2023-04-17,2023-04-19,2,5.0,minute_touch_original_quote_terminal,True,True,False,True,4.999999999999983,2.6499999999999977,1681824660000000000,False,4647.039999999971
978,2023-04-17,2023-04-19,2,5.0,minute_touch_settlement,True,True,False,True,4.999999999999983,2.6499999999999977,1681824660000000000,False,4647.039999999971
978,2023-04-17,2023-04-19,2,5.0,persist_2_settlement,True,True,False,True,4.999999999999983,2.499999999999999,1681824720000000000,False,4947.039999999968
978,2023-04-17,2023-04-19,2,5.0,persist_3_settlement,True,True,False,True,4.999999999999983,2.55,1681824780000000000,False,4847.039999999966
978,2023-04-17,2023-04-19,2,5.0,event_strong,True,True,False,True,4.95,3,1681922769943496160,False,3847.0400000000004
978,2023-04-17,2023-04-19,2,5.0,event_strong_plausible,True,True,False,True,4.95,3,1681738334865771422,False,3847.0400000000004
978,2023-04-17,2023-04-19,2,5.0,event_conservative,True,True,False,True,4.75,3,1681924017699720186,False,3447.04
979,2023-04-17,2023-04-19,2,6.0,minute_touch_original_quote_terminal,True,True,False,True,6.050000000000009,2.849999999999997,1681824720000000000,False,6347.040000000024
979,2023-04-17,2023-04-19,2,6.0,minute_touch_settlement,True,True,False,True,6.050000000000009,2.849999999999997,1681824720000000000,False,6347.040000000024
979,2023-04-17,2023-04-19,2,6.0,persist_2_settlement,True,True,False,True,6.050000000000009,2.9499999999999984,1681825620000000000,False,6147.040000000021
979,2023-04-17,2023-04-19,2,6.0,persist_3_settlement,True,True,False,True,6.050000000000009,2.8,1681825680000000000,False,6447.040000000018
979,2023-04-17,2023-04-19,2,6.0,event_strong,True,True,False,True,5.95,10.0,,True,-8152.96
979,2023-04-17,2023-04-19,2,6.0,event_strong_plausible,True,True,False,True,5.95,3,1681738521301847987,False,5847.04
979,2023-04-17,2023-04-19,2,6.0,event_conservative,True,True,False,True,5.75,10.0,,True,-8552.96
980,2023-04-17,2023-04-19,2,7.0,minute_touch_original_quote_terminal,True,True,False,True,6.849999999999977,10.0,,True,-6352.9600000000455
980,2023-04-17,2023-04-19,2,7.0,minute_touch_settlement,True,True,False,True,6.849999999999977,10.0,,True,-6352.9600000000455
980,2023-04-17,2023-04-19,2,7.0,persist_2_settlement,True,True,False,True,6.849999999999977,10.0,,True,-6352.9600000000455
980,2023-04-17,2023-04-19,2,7.0,persist_3_settlement,True,True,False,True,6.849999999999977,10.0,,True,-6352.9600000000455
980,2023-04-17,2023-04-19,2,7.0,event_strong,True,True,False,True,6.95,10.0,,True,-6152.96
980,2023-04-17,2023-04-19,2,7.0,event_strong_plausible,True,True,False,True,6.95,3,1681824752484803406,False,7847.04
980,2023-04-17,2023-04-19,2,7.0,event_conservative,True,True,False,True,6.75,10.0,,True,-6552.96
981,2023-04-17,2023-04-20,3,5.0,minute_touch_original_quote_terminal,True,True,False,True,4.850000000000006,2.9999999999999956,1681825380000000000,False,3647.0400000000204
981,2023-04-17,2023-04-20,3,5.0,minute_touch_settlement,True,True,False,True,4.850000000000006,2.9999999999999956,1681825380000000000,False,3647.0400000000204
981,2023-04-17,2023-04-20,3,5.0,persist_2_settlement,True,True,False,True,4.850000000000006,2.9999999999999956,1681825440000000000,False,3647.0400000000204
981,2023-04-17,2023-04-20,3,5.0,persist_3_settlement,True,True,False,True,4.850000000000006,2.7500000000000027,1681825680000000000,False,4147.040000000006
981,2023-04-17,2023-04-20,3,5.0,event_strong,True,True,False,True,4.95,10.0,,True,-10152.96
981,2023-04-17,2023-04-20,3,5.0,event_strong_plausible,True,True,False,True,4.95,3,1681738414838374515,False,3847.0400000000004
981,2023-04-17,2023-04-20,3,5.0,event_conservative,True,True,False,True,4.75,10.0,,True,-10552.96
982,2023-04-17,2023-04-20,3,6.0,minute_touch_original_quote_terminal,True,True,False,True,5.800000000000023,10.0,,True,-8452.959999999954
982,2023-04-17,2023-04-20,3,6.0,minute_touch_settlement,True,True,False,True,5.800000000000023,10.0,,True,-8452.959999999954
982,2023-04-17,2023-04-20,3,6.0,persist_2_settlement,True,True,False,True,5.800000000000023,10.0,,True,-8452.959999999954
982,2023-04-17,2023-04-20,3,6.0,persist_3_settlement,True,True,False,True,5.800000000000023,10.0,,True,-8452.959999999954
982,2023-04-17,2023-04-20,3,6.0,event_strong,True,True,False,True,5.95,10.0,,True,-8152.96
982,2023-04-17,2023-04-20,3,6.0,event_strong_plausible,True,True,False,True,5.95,3,1681739863211410770,False,5847.04
982,2023-04-17,2023-04-20,3,6.0,event_conservative,True,True,False,True,5.75,10.0,,True,-8552.96
983,2023-04-17,2023-04-20,3,7.0,minute_touch_original_quote_terminal,True,True,False,True,7.100000000000006,10.0,,True,-5852.959999999988
983,2023-04-17,2023-04-20,3,7.0,minute_touch_settlement,True,True,False,True,7.100000000000006,10.0,,True,-5852.959999999988
983,2023-04-17,2023-04-20,3,7.0,persist_2_settlement,True,True,False,True,7.100000000000006,10.0,,True,-5852.959999999988
983,2023-04-17,2023-04-20,3,7.0,persist_3_settlement,True,True,False,True,7.100000000000006,10.0,,True,-5852.959999999988
983,2023-04-17,2023-04-20,3,7.0,event_strong,True,True,False,True,6.95,10.0,,True,-6152.96
983,2023-04-17,2023-04-20,3,7.0,event_strong_plausible,True,True,False,True,6.95,3,1681825227218690212,False,7847.04
983,2023-04-17,2023-04-20,3,7.0,event_conservative,True,True,False,True,6.75,10.0,,True,-6552.96
1005,2023-04-28,2023-05-01,3,5.0,minute_touch_original_quote_terminal,True,True,False,True,5.099999999999992,2.849999999999997,1682709720000000000,False,4447.039999999989
1005,2023-04-28,2023-05-01,3,5.0,minute_touch_settlement,True,True,False,True,5.099999999999992,2.849999999999997,1682709720000000000,False,4447.039999999989
1005,2023-04-28,2023-05-01,3,5.0,persist_2_settlement,True,True,False,True,5.099999999999992,2.9999999999999956,1682711820000000000,False,4147.039999999992
1005,2023-04-28,2023-05-01,3,5.0,persist_3_settlement,True,True,False,True,5.099999999999992,2.950000000000002,1682711880000000000,False,4247.039999999979
1005,2023-04-28,2023-05-01,3,5.0,event_strong,True,True,False,True,4.95,3,1682949159821793626,False,3847.0400000000004
1005,2023-04-28,2023-05-01,3,5.0,event_strong_plausible,True,True,False,True,4.95,3,1682688666934537666,False,3847.0400000000004
1005,2023-04-28,2023-05-01,3,5.0,event_conservative,True,True,False,True,4.75,3,1682949315650952854,False,3447.04
1006,2023-04-28,2023-05-01,3,6.0,minute_touch_original_quote_terminal,True,True,False,True,5.899999999999989,2.7499999999999956,1682949600000000000,False,6247.039999999986
1006,2023-04-28,2023-05-01,3,6.0,minute_touch_settlement,True,True,False,True,5.899999999999989,2.7499999999999956,1682949600000000000,False,6247.039999999986
1006,2023-04-28,2023-05-01,3,6.0,persist_2_settlement,True,True,False,True,5.899999999999989,2.750000000000001,1682958780000000000,False,6247.039999999975
1006,2023-04-28,2023-05-01,3,6.0,persist_3_settlement,True,True,False,True,5.899999999999989,2.750000000000001,1682958840000000000,False,6247.039999999975
1006,2023-04-28,2023-05-01,3,6.0,event_strong,True,True,False,True,5.95,3,1682959153534129804,False,5847.04
1006,2023-04-28,2023-05-01,3,6.0,event_strong_plausible,True,True,False,True,5.95,3,1682691166739178557,False,5847.04
1006,2023-04-28,2023-05-01,3,6.0,event_conservative,True,True,False,True,5.75,3,1682960541843990655,False,5447.04
1007,2023-04-28,2023-05-01,3,7.0,minute_touch_original_quote_terminal,True,True,False,True,6.849999999999992,2.999999999999999,1682961180000000000,False,7647.039999999985
1007,2023-04-28,2023-05-01,3,7.0,minute_touch_settlement,True,True,False,True,6.849999999999992,2.999999999999999,1682961180000000000,False,7647.039999999985
1007,2023-04-28,2023-05-01,3,7.0,persist_2_settlement,True,True,False,True,6.849999999999992,2.6999999999999984,1682961240000000000,False,8247.039999999988
1007,2023-04-28,2023-05-01,3,7.0,persist_3_settlement,True,True,False,True,6.849999999999992,2.6499999999999995,1682961900000000000,False,8347.039999999985
1007,2023-04-28,2023-05-01,3,7.0,event_strong,True,True,False,True,6.95,3,1682962896881322188,False,7847.04
1007,2023-04-28,2023-05-01,3,7.0,event_strong_plausible,True,True,False,True,6.95,3,1682691946955621591,False,7847.04
1007,2023-04-28,2023-05-01,3,7.0,event_conservative,True,True,False,True,6.75,3,1682962897060809530,False,7447.04
1008,2023-05-01,2023-05-03,2,5.0,minute_touch_original_quote_terminal,True,True,False,True,4.95,9.350000000000012,,True,-8852.960000000023
1008,2023-05-01,2023-05-03,2,5.0,minute_touch_settlement,True,True,False,True,4.95,10.0,,True,-10152.96
1008,2023-05-01,2023-05-03,2,5.0,persist_2_settlement,True,True,False,True,4.95,10.0,,True,-10152.96
1008,2023-05-01,2023-05-03,2,5.0,persist_3_settlement,True,True,False,True,4.95,10.0,,True,-10152.96
1008,2023-05-01,2023-05-03,2,5.0,event_strong,True,True,False,True,4.95,10.0,,True,-10152.96
1008,2023-05-01,2023-05-03,2,5.0,event_strong_plausible,True,True,False,True,4.95,3,1682948899053391475,False,3847.0400000000004
1008,2023-05-01,2023-05-03,2,5.0,event_conservative,True,True,False,True,4.75,10.0,,True,-10552.96
1009,2023-05-01,2023-05-03,2,6.0,minute_touch_original_quote_terminal,True,True,False,True,5.95,10.0,,True,-8152.96
1009,2023-05-01,2023-05-03,2,6.0,minute_touch_settlement,True,True,False,True,5.95,10.0,,True,-8152.96
1009,2023-05-01,2023-05-03,2,6.0,persist_2_settlement,True,True,False,True,5.95,10.0,,True,-8152.96
1009,2023-05-01,2023-05-03,2,6.0,persist_3_settlement,True,True,False,True,5.95,10.0,,True,-8152.96
1009,2023-05-01,2023-05-03,2,6.0,event_strong,True,True,False,True,5.95,10.0,,True,-8152.96
1009,2023-05-01,2023-05-03,2,6.0,event_strong_plausible,True,True,False,True,5.95,3,1682949611538244790,False,5847.04
1009,2023-05-01,2023-05-03,2,6.0,event_conservative,True,True,False,True,5.75,10.0,,True,-8552.96
1010,2023-05-01,2023-05-03,2,7.0,minute_touch_original_quote_terminal,True,True,False,True,6.95,10.0,,True,-6152.96
1010,2023-05-01,2023-05-03,2,7.0,minute_touch_settlement,True,True,False,True,6.95,10.0,,True,-6152.96
1010,2023-05-01,2023-05-03,2,7.0,persist_2_settlement,True,True,False,True,6.95,10.0,,True,-6152.96
1010,2023-05-01,2023-05-03,2,7.0,persist_3_settlement,True,True,False,True,6.95,10.0,,True,-6152.96
1010,2023-05-01,2023-05-03,2,7.0,event_strong,True,True,False,True,6.95,10.0,,True,-6152.96
1010,2023-05-01,2023-05-03,2,7.0,event_strong_plausible,True,True,False,True,6.95,3,1683140127960822710,False,7847.04
1010,2023-05-01,2023-05-03,2,7.0,event_conservative,True,True,False,True,6.75,10.0,,True,-6552.96
1011,2023-05-01,2023-05-04,3,5.0,minute_touch_original_quote_terminal,True,True,False,True,4.7999999999999945,10.0,,True,-10452.96000000001
1011,2023-05-01,2023-05-04,3,5.0,minute_touch_settlement,True,True,False,True,4.7999999999999945,10.0,,True,-10452.96000000001
1011,2023-05-01,2023-05-04,3,5.0,persist_2_settlement,True,True,False,True,4.7999999999999945,10.0,,True,-10452.96000000001
1011,2023-05-01,2023-05-04,3,5.0,persist_3_settlement,True,True,False,True,4.7999999999999945,10.0,,True,-10452.96000000001
1011,2023-05-01,2023-05-04,3,5.0,event_strong,True,True,False,True,4.95,10.0,,True,-10152.96
1011,2023-05-01,2023-05-04,3,5.0,event_strong_plausible,True,True,False,True,4.95,3,1682948156127408103,False,3847.0400000000004
1011,2023-05-01,2023-05-04,3,5.0,event_conservative,True,True,False,True,4.75,10.0,,True,-10552.96
1012,2023-05-01,2023-05-04,3,6.0,minute_touch_original_quote_terminal,True,True,False,True,5.95,10.0,,True,-8152.96
1012,2023-05-01,2023-05-04,3,6.0,minute_touch_settlement,True,True,False,True,5.95,10.0,,True,-8152.96
1012,2023-05-01,2023-05-04,3,6.0,persist_2_settlement,True,True,False,True,5.95,10.0,,True,-8152.96
1012,2023-05-01,2023-05-04,3,6.0,persist_3_settlement,True,True,False,True,5.95,10.0,,True,-8152.96
1012,2023-05-01,2023-05-04,3,6.0,event_strong,True,True,False,True,5.95,10.0,,True,-8152.96
1012,2023-05-01,2023-05-04,3,6.0,event_strong_plausible,True,True,False,True,5.95,3,1683036000067083870,False,5847.04
1012,2023-05-01,2023-05-04,3,6.0,event_conservative,True,True,False,True,5.75,10.0,,True,-8552.96
1013,2023-05-01,2023-05-04,3,7.0,minute_touch_original_quote_terminal,True,True,False,True,6.999999999999983,1.5000000000000455,1683229680000000000,False,10947.039999999877
1013,2023-05-01,2023-05-04,3,7.0,minute_touch_settlement,True,True,False,True,6.999999999999983,1.5000000000000455,1683229680000000000,False,10947.039999999877
1013,2023-05-01,2023-05-04,3,7.0,persist_2_settlement,True,True,False,True,6.999999999999983,10.0,,True,-6052.960000000034
1013,2023-05-01,2023-05-04,3,7.0,persist_3_settlement,True,True,False,True,6.999999999999983,10.0,,True,-6052.960000000034
1013,2023-05-01,2023-05-04,3,7.0,event_strong,True,True,False,True,6.95,10.0,,True,-6152.96
1013,2023-05-01,2023-05-04,3,7.0,event_strong_plausible,True,True,False,True,6.95,3,1683136807499664070,False,7847.04
1013,2023-05-01,2023-05-04,3,7.0,event_conservative,True,True,False,True,6.75,10.0,,True,-6552.96
1041,2023-05-12,2023-05-15,3,5.0,minute_touch_original_quote_terminal,True,True,False,True,4.849999999999999,7.55,,True,-5452.960000000002
1041,2023-05-12,2023-05-15,3,5.0,minute_touch_settlement,True,True,False,True,4.849999999999999,10.0,,True,-10352.960000000001
1041,2023-05-12,2023-05-15,3,5.0,persist_2_settlement,True,True,False,True,4.849999999999999,10.0,,True,-10352.960000000001
1041,2023-05-12,2023-05-15,3,5.0,persist_3_settlement,True,True,False,True,4.849999999999999,10.0,,True,-10352.960000000001
1041,2023-05-12,2023-05-15,3,5.0,event_strong,True,True,False,True,4.95,10.0,,True,-10152.96
1041,2023-05-12,2023-05-15,3,5.0,event_strong_plausible,True,True,False,True,4.95,3,1683898303641804384,False,3847.0400000000004
1041,2023-05-12,2023-05-15,3,5.0,event_conservative,True,True,False,True,4.75,10.0,,True,-10552.96
1042,2023-05-12,2023-05-15,3,6.0,minute_touch_original_quote_terminal,True,True,False,True,6.149999999999989,9.899999999999995,,True,-7552.960000000013
1042,2023-05-12,2023-05-15,3,6.0,minute_touch_settlement,True,True,False,True,6.149999999999989,10.0,,True,-7752.960000000023
1042,2023-05-12,2023-05-15,3,6.0,persist_2_settlement,True,True,False,True,6.149999999999989,10.0,,True,-7752.960000000023
1042,2023-05-12,2023-05-15,3,6.0,persist_3_settlement,True,True,False,True,6.149999999999989,10.0,,True,-7752.960000000023
1042,2023-05-12,2023-05-15,3,6.0,event_strong,True,True,False,True,5.95,10.0,,True,-8152.96
1042,2023-05-12,2023-05-15,3,6.0,event_strong_plausible,True,True,False,True,5.95,3,1684171798488779901,False,5847.04
1042,2023-05-12,2023-05-15,3,6.0,event_conservative,True,True,False,True,5.75,10.0,,True,-8552.96
1043,2023-05-12,2023-05-15,3,7.0,minute_touch_original_quote_terminal,True,True,False,True,6.900000000000003,9.90000000000001,,True,-6052.960000000013
1043,2023-05-12,2023-05-15,3,7.0,minute_touch_settlement,True,True,False,True,6.900000000000003,10.0,,True,-6252.959999999994
1043,2023-05-12,2023-05-15,3,7.0,persist_2_settlement,True,True,False,True,6.900000000000003,10.0,,True,-6252.959999999994
1043,2023-05-12,2023-05-15,3,7.0,persist_3_settlement,True,True,False,True,6.900000000000003,10.0,,True,-6252.959999999994
1043,2023-05-12,2023-05-15,3,7.0,event_strong,True,True,False,True,6.95,10.0,,True,-6152.96
1043,2023-05-12,2023-05-15,3,7.0,event_strong_plausible,True,True,False,True,6.95,10.0,,True,-6152.96
1043,2023-05-12,2023-05-15,3,7.0,event_conservative,True,True,False,True,6.75,10.0,,True,-6552.96
1077,2023-05-31,2023-06-02,2,5.0,minute_touch_original_quote_terminal,True,True,False,True,4.900000000000003,2.9999999999999956,1685635320000000000,False,3747.040000000015
1077,2023-05-31,2023-06-02,2,5.0,minute_touch_settlement,True,True,False,True,4.900000000000003,2.9999999999999956,1685635320000000000,False,3747.040000000015
1077,2023-05-31,2023-06-02,2,5.0,persist_2_settlement,True,True,False,True,4.900000000000003,2.8999999999999977,1685635380000000000,False,3947.0400000000104
1077,2023-05-31,2023-06-02,2,5.0,persist_3_settlement,True,True,False,True,4.900000000000003,2.9000000000000083,1685635440000000000,False,3947.0399999999895
1077,2023-05-31,2023-06-02,2,5.0,event_strong,True,True,False,True,4.95,3,1685641791225651571,False,3847.0400000000004
1077,2023-05-31,2023-06-02,2,5.0,event_strong_plausible,True,True,False,True,4.95,3,1685539861587157912,False,3847.0400000000004
1077,2023-05-31,2023-06-02,2,5.0,event_conservative,True,True,False,True,4.75,3,1685642028703815849,False,3447.04
1078,2023-05-31,2023-06-02,2,6.0,minute_touch_original_quote_terminal,True,True,False,True,5.95,2.9999999999999956,1685646480000000000,False,5847.040000000009
1078,2023-05-31,2023-06-02,2,6.0,minute_touch_settlement,True,True,False,True,5.95,2.9999999999999956,1685646480000000000,False,5847.040000000009
1078,2023-05-31,2023-06-02,2,6.0,persist_2_settlement,True,True,False,True,5.95,2.9500000000000055,1685646540000000000,False,5947.039999999989
1078,2023-05-31,2023-06-02,2,6.0,persist_3_settlement,True,True,False,True,5.95,2.9500000000000055,1685647020000000000,False,5947.039999999989
1078,2023-05-31,2023-06-02,2,6.0,event_strong,True,True,False,True,5.95,3,1685712627103296345,False,5847.04
1078,2023-05-31,2023-06-02,2,6.0,event_strong_plausible,True,True,False,True,5.95,3,1685540343074737818,False,5847.04
1078,2023-05-31,2023-06-02,2,6.0,event_conservative,True,True,False,True,5.75,3,1685712655511987873,False,5447.04
1079,2023-05-31,2023-06-02,2,7.0,minute_touch_original_quote_terminal,True,True,False,True,6.95,2.8999999999999977,1685712780000000000,False,8047.0400000000045
1079,2023-05-31,2023-06-02,2,7.0,minute_touch_settlement,True,True,False,True,6.95,2.8999999999999977,1685712780000000000,False,8047.0400000000045
1079,2023-05-31,2023-06-02,2,7.0,persist_2_settlement,True,True,False,True,6.95,2.6999999999999984,1685712840000000000,False,8447.040000000005
1079,2023-05-31,2023-06-02,2,7.0,persist_3_settlement,True,True,False,True,6.95,2.4000000000000012,1685712900000000000,False,9047.039999999999
1079,2023-05-31,2023-06-02,2,7.0,event_strong,True,True,False,True,6.95,3,1685712890077073939,False,7847.04
1079,2023-05-31,2023-06-02,2,7.0,event_strong_plausible,True,True,False,True,6.95,3,1685540821745645437,False,7847.04
1079,2023-05-31,2023-06-02,2,7.0,event_conservative,True,True,False,True,6.75,3,1685712890077073939,False,7447.04
1080,2023-06-02,2023-06-05,3,5.0,minute_touch_original_quote_terminal,True,True,False,True,4.850000000000006,2.9499999999999984,1685976360000000000,False,3747.040000000015
1080,2023-06-02,2023-06-05,3,5.0,minute_touch_settlement,True,True,False,True,4.850000000000006,2.9499999999999984,1685976360000000000,False,3747.040000000015
1080,2023-06-02,2023-06-05,3,5.0,persist_2_settlement,True,True,False,True,4.850000000000006,2.6500000000000012,1685976420000000000,False,4347.040000000009
1080,2023-06-02,2023-06-05,3,5.0,persist_3_settlement,True,True,False,True,4.850000000000006,2.6499999999999995,1685976480000000000,False,4347.040000000013
1080,2023-06-02,2023-06-05,3,5.0,event_strong,True,True,False,True,4.95,3,1685976927287957274,False,3847.0400000000004
1080,2023-06-02,2023-06-05,3,5.0,event_strong_plausible,True,True,False,True,4.95,3,1685712693466486485,False,3847.0400000000004
1080,2023-06-02,2023-06-05,3,5.0,event_conservative,True,True,False,True,4.75,3,1685976999589196289,False,3447.04
1081,2023-06-02,2023-06-05,3,6.0,minute_touch_original_quote_terminal,True,True,False,True,5.95,10.0,,True,-8152.96
1081,2023-06-02,2023-06-05,3,6.0,minute_touch_settlement,True,True,False,True,5.95,10.0,,True,-8152.96
1081,2023-06-02,2023-06-05,3,6.0,persist_2_settlement,True,True,False,True,5.95,10.0,,True,-8152.96
1081,2023-06-02,2023-06-05,3,6.0,persist_3_settlement,True,True,False,True,5.95,10.0,,True,-8152.96
1081,2023-06-02,2023-06-05,3,6.0,event_strong,True,True,False,True,5.95,10.0,,True,-8152.96
1081,2023-06-02,2023-06-05,3,6.0,event_strong_plausible,True,True,False,True,5.95,3,1685989600278428515,False,5847.04
1081,2023-06-02,2023-06-05,3,6.0,event_conservative,True,True,False,True,5.75,10.0,,True,-8552.96
1082,2023-06-02,2023-06-05,3,7.0,minute_touch_original_quote_terminal,True,True,False,True,7.049999999999966,10.0,,True,-5952.960000000068
1082,2023-06-02,2023-06-05,3,7.0,minute_touch_settlement,True,True,False,True,7.049999999999966,10.0,,True,-5952.960000000068
1082,2023-06-02,2023-06-05,3,7.0,persist_2_settlement,True,True,False,True,7.049999999999966,10.0,,True,-5952.960000000068
1082,2023-06-02,2023-06-05,3,7.0,persist_3_settlement,True,True,False,True,7.049999999999966,10.0,,True,-5952.960000000068
1082,2023-06-02,2023-06-05,3,7.0,event_strong,True,True,False,True,6.95,10.0,,True,-6152.96
1082,2023-06-02,2023-06-05,3,7.0,event_strong_plausible,True,True,False,True,6.95,10.0,,True,-6152.96
1082,2023-06-02,2023-06-05,3,7.0,event_conservative,True,True,False,True,6.75,10.0,,True,-6552.96
1107,2023-06-13,2023-06-15,2,5.0,minute_touch_original_quote_terminal,True,True,False,True,4.95,2.9000000000000083,1686756600000000000,False,4047.0399999999836
1107,2023-06-13,2023-06-15,2,5.0,minute_touch_settlement,True,True,False,True,4.95,2.9000000000000083,1686756600000000000,False,4047.0399999999836
1107,2023-06-13,2023-06-15,2,5.0,persist_2_settlement,True,True,False,True,4.95,2.850000000000011,1686772860000000000,False,4147.039999999978
1107,2023-06-13,2023-06-15,2,5.0,persist_3_settlement,True,True,False,True,4.95,2.800000000000007,1686772920000000000,False,4247.039999999986
1107,2023-06-13,2023-06-15,2,5.0,event_strong,True,True,False,True,4.95,3,1686836904746258801,False,3847.0400000000004
1107,2023-06-13,2023-06-15,2,5.0,event_strong_plausible,True,True,False,True,4.95,3,1686663337517682922,False,3847.0400000000004
1107,2023-06-13,2023-06-15,2,5.0,event_conservative,True,True,False,True,4.75,3,1686837087494121311,False,3447.04
1108,2023-06-13,2023-06-15,2,6.0,minute_touch_original_quote_terminal,True,True,False,True,5.95,2.849999999999997,1686838140000000000,False,6147.040000000006
1108,2023-06-13,2023-06-15,2,6.0,minute_touch_settlement,True,True,False,True,5.95,2.849999999999997,1686838140000000000,False,6147.040000000006
1108,2023-06-13,2023-06-15,2,6.0,persist_2_settlement,True,True,False,True,5.95,2.7499999999999956,1686838200000000000,False,6347.040000000009
1108,2023-06-13,2023-06-15,2,6.0,persist_3_settlement,True,True,False,True,5.95,2.9000000000000012,1686838260000000000,False,6047.039999999998
1108,2023-06-13,2023-06-15,2,6.0,event_strong,True,True,False,True,5.95,3,1686838936617282409,False,5847.04
1108,2023-06-13,2023-06-15,2,6.0,event_strong_plausible,True,True,False,True,5.95,3,1686752416534242695,False,5847.04
1108,2023-06-13,2023-06-15,2,6.0,event_conservative,True,True,False,True,5.75,3,1686841602841949435,False,5447.04
1109,2023-06-13,2023-06-15,2,7.0,minute_touch_original_quote_terminal,True,True,False,True,6.999999999999983,2.8999999999999977,1686843540000000000,False,8147.039999999971
1109,2023-06-13,2023-06-15,2,7.0,minute_touch_settlement,True,True,False,True,6.999999999999983,2.8999999999999977,1686843540000000000,False,8147.039999999971
1109,2023-06-13,2023-06-15,2,7.0,persist_2_settlement,True,True,False,True,6.999999999999983,2.6500000000000012,1686843720000000000,False,8647.039999999964
1109,2023-06-13,2023-06-15,2,7.0,persist_3_settlement,True,True,False,True,6.999999999999983,2.8999999999999977,1686843780000000000,False,8147.039999999971
1109,2023-06-13,2023-06-15,2,7.0,event_strong,True,True,False,True,6.95,3,1686850279535565563,False,7847.04
1109,2023-06-13,2023-06-15,2,7.0,event_strong_plausible,True,True,False,True,6.95,3,1686756469583792799,False,7847.04
1109,2023-06-13,2023-06-15,2,7.0,event_conservative,True,True,False,True,6.75,3,1686850977690390750,False,7447.04
1137,2023-06-30,2023-07-03,3,5.0,minute_touch_original_quote_terminal,True,True,False,True,4.850000000000006,1.2499999999999958,1688133600000000000,False,7147.040000000021
1137,2023-06-30,2023-07-03,3,5.0,minute_touch_settlement,True,True,False,True,4.850000000000006,1.2499999999999958,1688133600000000000,False,7147.040000000021
1137,2023-06-30,2023-07-03,3,5.0,persist_2_settlement,True,True,False,True,4.850000000000006,2.850000000000004,1688134020000000000,False,3947.0400000000036
1137,2023-06-30,2023-07-03,3,5.0,persist_3_settlement,True,True,False,True,4.850000000000006,2.9999999999999956,1688134080000000000,False,3647.0400000000204
1137,2023-06-30,2023-07-03,3,5.0,event_strong,True,True,False,True,4.95,3,1688136121783423039,False,3847.0400000000004
1137,2023-06-30,2023-07-03,3,5.0,event_strong_plausible,True,True,False,True,4.95,3,1688131868605419396,False,3847.0400000000004
1137,2023-06-30,2023-07-03,3,5.0,event_conservative,True,True,False,True,4.75,3,1688142062780015840,False,3447.04
1138,2023-06-30,2023-07-03,3,6.0,minute_touch_original_quote_terminal,True,True,False,True,5.949999999999986,2.9499999999999984,1688153820000000000,False,5947.039999999975
1138,2023-06-30,2023-07-03,3,6.0,minute_touch_settlement,True,True,False,True,5.949999999999986,2.9499999999999984,1688153820000000000,False,5947.039999999975
1138,2023-06-30,2023-07-03,3,6.0,persist_2_settlement,True,True,False,True,5.949999999999986,1.9500000000000004,1688391120000000000,False,7947.039999999972
1138,2023-06-30,2023-07-03,3,6.0,persist_3_settlement,True,True,False,True,5.949999999999986,1.9500000000000022,1688391180000000000,False,7947.039999999968
1138,2023-06-30,2023-07-03,3,6.0,event_strong,True,True,False,True,5.95,3,1688391360122931316,False,5847.04
1138,2023-06-30,2023-07-03,3,6.0,event_strong_plausible,True,True,False,True,5.95,3,1688132078093299314,False,5847.04
1138,2023-06-30,2023-07-03,3,6.0,event_conservative,True,True,False,True,5.75,3,1688391685574068122,False,5447.04
1139,2023-06-30,2023-07-03,3,7.0,minute_touch_original_quote_terminal,True,True,False,True,6.800000000000023,10.0,,True,-6452.959999999955
1139,2023-06-30,2023-07-03,3,7.0,minute_touch_settlement,True,True,False,True,6.800000000000023,10.0,,True,-6452.959999999955
1139,2023-06-30,2023-07-03,3,7.0,persist_2_settlement,True,True,False,True,6.800000000000023,10.0,,True,-6452.959999999955
1139,2023-06-30,2023-07-03,3,7.0,persist_3_settlement,True,True,False,True,6.800000000000023,10.0,,True,-6452.959999999955
1139,2023-06-30,2023-07-03,3,7.0,event_strong,True,True,False,True,6.95,10.0,,True,-6152.96
1139,2023-06-30,2023-07-03,3,7.0,event_strong_plausible,True,True,False,True,6.95,3,1688131889014140664,False,7847.04
1139,2023-06-30,2023-07-03,3,7.0,event_conservative,True,True,False,True,6.75,10.0,,True,-6552.96
1140,2023-07-03,2023-07-05,2,5.0,minute_touch_original_quote_terminal,True,True,False,True,4.95,1.6000000000000043,1688564580000000000,False,6647.039999999992
1140,2023-07-03,2023-07-05,2,5.0,minute_touch_settlement,True,True,False,True,4.95,1.6000000000000043,1688564580000000000,False,6647.039999999992
1140,2023-07-03,2023-07-05,2,5.0,persist_2_settlement,True,True,False,True,4.95,2.749999999999999,1688566680000000000,False,4347.040000000002
1140,2023-07-03,2023-07-05,2,5.0,persist_3_settlement,True,True,False,True,4.95,2.850000000000004,1688566740000000000,False,4147.039999999992
1140,2023-07-03,2023-07-05,2,5.0,event_strong,True,True,False,True,4.95,3,1688584022459276768,False,3847.0400000000004
1140,2023-07-03,2023-07-05,2,5.0,event_strong_plausible,True,True,False,True,4.95,3,1688391075853259812,False,3847.0400000000004
1140,2023-07-03,2023-07-05,2,5.0,event_conservative,True,True,False,True,4.75,3,1688584022483495464,False,3447.04
1141,2023-07-03,2023-07-05,2,6.0,minute_touch_original_quote_terminal,True,True,False,True,5.95,10.0,,True,-8152.96
1141,2023-07-03,2023-07-05,2,6.0,minute_touch_settlement,True,True,False,True,5.95,10.0,,True,-8152.96
1141,2023-07-03,2023-07-05,2,6.0,persist_2_settlement,True,True,False,True,5.95,10.0,,True,-8152.96
1141,2023-07-03,2023-07-05,2,6.0,persist_3_settlement,True,True,False,True,5.95,10.0,,True,-8152.96
1141,2023-07-03,2023-07-05,2,6.0,event_strong,True,True,False,True,5.95,10.0,,True,-8152.96
1141,2023-07-03,2023-07-05,2,6.0,event_strong_plausible,True,True,False,True,5.95,3,1688392507395507875,False,5847.04
1141,2023-07-03,2023-07-05,2,6.0,event_conservative,True,True,False,True,5.75,10.0,,True,-8552.96
1142,2023-07-03,2023-07-05,2,7.0,minute_touch_original_quote_terminal,True,True,False,True,6.850000000000006,10.0,,True,-6352.959999999988
1142,2023-07-03,2023-07-05,2,7.0,minute_touch_settlement,True,True,False,True,6.850000000000006,10.0,,True,-6352.959999999988
1142,2023-07-03,2023-07-05,2,7.0,persist_2_settlement,True,True,False,True,6.850000000000006,10.0,,True,-6352.959999999988
1142,2023-07-03,2023-07-05,2,7.0,persist_3_settlement,True,True,False,True,6.850000000000006,10.0,,True,-6352.959999999988
1142,2023-07-03,2023-07-05,2,7.0,event_strong,True,True,False,True,6.95,10.0,,True,-6152.96
1142,2023-07-03,2023-07-05,2,7.0,event_strong_plausible,True,True,False,True,6.95,3,1688392853165174203,False,7847.04
1142,2023-07-03,2023-07-05,2,7.0,event_conservative,True,True,False,True,6.75,10.0,,True,-6552.96
1143,2023-07-03,2023-07-06,3,5.0,minute_touch_original_quote_terminal,True,True,False,True,6.5000000000000115,10.0,,True,-7052.959999999977
1143,2023-07-03,2023-07-06,3,5.0,minute_touch_settlement,True,True,False,True,6.5000000000000115,10.0,,True,-7052.959999999977
1143,2023-07-03,2023-07-06,3,5.0,persist_2_settlement,True,True,False,True,6.5000000000000115,10.0,,True,-7052.959999999977
1143,2023-07-03,2023-07-06,3,5.0,persist_3_settlement,True,True,False,True,6.5000000000000115,10.0,,True,-7052.959999999977
1143,2023-07-03,2023-07-06,3,5.0,event_strong,True,True,False,True,4.95,10.0,,True,-10152.96
1143,2023-07-03,2023-07-06,3,5.0,event_strong_plausible,True,True,False,True,4.95,3,1688564781599013454,False,3847.0400000000004
1143,2023-07-03,2023-07-06,3,5.0,event_conservative,True,True,False,True,4.75,10.0,,True,-10552.96
1144,2023-07-03,2023-07-06,3,6.0,minute_touch_original_quote_terminal,True,True,False,True,6.5000000000000115,10.0,,True,-7052.959999999977
1144,2023-07-03,2023-07-06,3,6.0,minute_touch_settlement,True,True,False,True,6.5000000000000115,10.0,,True,-7052.959999999977
1144,2023-07-03,2023-07-06,3,6.0,persist_2_settlement,True,True,False,True,6.5000000000000115,10.0,,True,-7052.959999999977
1144,2023-07-03,2023-07-06,3,6.0,persist_3_settlement,True,True,False,True,6.5000000000000115,10.0,,True,-7052.959999999977
1144,2023-07-03,2023-07-06,3,6.0,event_strong,True,True,False,True,5.95,10.0,,True,-8152.96
1144,2023-07-03,2023-07-06,3,6.0,event_strong_plausible,True,True,False,True,5.95,3,1688564781599013454,False,5847.04
1144,2023-07-03,2023-07-06,3,6.0,event_conservative,True,True,False,True,5.75,10.0,,True,-8552.96
1145,2023-07-03,2023-07-06,3,7.0,minute_touch_original_quote_terminal,True,True,False,True,6.95,9.750000000000046,,True,-5652.960000000092
1145,2023-07-03,2023-07-06,3,7.0,minute_touch_settlement,True,True,False,True,6.95,10.0,,True,-6152.96
1145,2023-07-03,2023-07-06,3,7.0,persist_2_settlement,True,True,False,True,6.95,10.0,,True,-6152.96
1145,2023-07-03,2023-07-06,3,7.0,persist_3_settlement,True,True,False,True,6.95,10.0,,True,-6152.96
1145,2023-07-03,2023-07-06,3,7.0,event_strong,True,True,False,True,6.95,10.0,,True,-6152.96
1145,2023-07-03,2023-07-06,3,7.0,event_strong_plausible,True,True,False,True,6.95,3,1688574863144389037,False,7847.04
1145,2023-07-03,2023-07-06,3,7.0,event_conservative,True,True,False,True,6.75,10.0,,True,-6552.96
1170,2023-07-17,2023-07-19,2,5.0,minute_touch_original_quote_terminal,True,True,False,True,4.850000000000006,2.950000000000002,1689697980000000000,False,3747.0400000000077
1170,2023-07-17,2023-07-19,2,5.0,minute_touch_settlement,True,True,False,True,4.850000000000006,2.950000000000002,1689697980000000000,False,3747.0400000000077
1170,2023-07-17,2023-07-19,2,5.0,persist_2_settlement,True,True,False,True,4.850000000000006,2.55,1689698040000000000,False,4547.040000000012
1170,2023-07-17,2023-07-19,2,5.0,persist_3_settlement,True,True,False,True,4.850000000000006,2.7500000000000027,1689698100000000000,False,4147.040000000006
1170,2023-07-17,2023-07-19,2,5.0,event_strong,True,True,False,True,4.95,3,1689701703253263356,False,3847.0400000000004
1170,2023-07-17,2023-07-19,2,5.0,event_strong_plausible,True,True,False,True,4.95,3,1689601181735405678,False,3847.0400000000004
1170,2023-07-17,2023-07-19,2,5.0,event_conservative,True,True,False,True,4.75,3,1689703338800025559,False,3447.04
1171,2023-07-17,2023-07-19,2,6.0,minute_touch_original_quote_terminal,True,True,False,True,5.899999999999989,2.849999999999997,1689703320000000000,False,6047.039999999984
1171,2023-07-17,2023-07-19,2,6.0,minute_touch_settlement,True,True,False,True,5.899999999999989,2.849999999999997,1689703320000000000,False,6047.039999999984
1171,2023-07-17,2023-07-19,2,6.0,persist_2_settlement,True,True,False,True,5.899999999999989,2.7500000000000027,1689703380000000000,False,6247.039999999973
1171,2023-07-17,2023-07-19,2,6.0,persist_3_settlement,True,True,False,True,5.899999999999989,2.9000000000000012,1689703440000000000,False,5947.039999999975
1171,2023-07-17,2023-07-19,2,6.0,event_strong,True,True,False,True,5.95,3,1689706081898015126,False,5847.04
1171,2023-07-17,2023-07-19,2,6.0,event_strong_plausible,True,True,False,True,5.95,3,1689621552004549611,False,5847.04
1171,2023-07-17,2023-07-19,2,6.0,event_conservative,True,True,False,True,5.75,3,1689706083765679477,False,5447.04
1172,2023-07-17,2023-07-19,2,7.0,minute_touch_original_quote_terminal,True,True,False,True,6.95,2.9499999999999984,1689697680000000000,False,7947.040000000004
1172,2023-07-17,2023-07-19,2,7.0,minute_touch_settlement,True,True,False,True,6.95,2.9499999999999984,1689697680000000000,False,7947.040000000004
1172,2023-07-17,2023-07-19,2,7.0,persist_2_settlement,True,True,False,True,6.95,2.7499999999999956,1689698220000000000,False,8347.04000000001
1172,2023-07-17,2023-07-19,2,7.0,persist_3_settlement,True,True,False,True,6.95,2.849999999999997,1689698280000000000,False,8147.040000000007
1172,2023-07-17,2023-07-19,2,7.0,event_strong,True,True,False,True,6.95,3,1689703622103777267,False,7847.04
1172,2023-07-17,2023-07-19,2,7.0,event_strong_plausible,True,True,False,True,6.95,3,1689608545343841506,False,7847.04
1172,2023-07-17,2023-07-19,2,7.0,event_conservative,True,True,False,True,6.75,3,1689703633038516956,False,7447.04
1173,2023-07-17,2023-07-20,3,5.0,minute_touch_original_quote_terminal,True,True,False,True,5.0499999999999945,2.9000000000000012,1689697440000000000,False,4247.039999999986
1173,2023-07-17,2023-07-20,3,5.0,minute_touch_settlement,True,True,False,True,5.0499999999999945,2.9000000000000012,1689697440000000000,False,4247.039999999986
1173,2023-07-17,2023-07-20,3,5.0,persist_2_settlement,True,True,False,True,5.0499999999999945,2.6500000000000012,1689697800000000000,False,4747.039999999986
1173,2023-07-17,2023-07-20,3,5.0,persist_3_settlement,True,True,False,True,5.0499999999999945,2.849999999999997,1689697860000000000,False,4347.039999999995
1173,2023-07-17,2023-07-20,3,5.0,event_strong,True,True,False,True,4.95,3,1689703591723756032,False,3847.0400000000004
1173,2023-07-17,2023-07-20,3,5.0,event_strong_plausible,True,True,False,True,4.95,3,1689600984296088653,False,3847.0400000000004
1173,2023-07-17,2023-07-20,3,5.0,event_conservative,True,True,False,True,4.75,3,1689703676673682490,False,3447.04
1174,2023-07-17,2023-07-20,3,6.0,minute_touch_original_quote_terminal,True,True,False,True,5.95,2.9499999999999984,1689699960000000000,False,5947.040000000004
1174,2023-07-17,2023-07-20,3,6.0,minute_touch_settlement,True,True,False,True,5.95,2.9499999999999984,1689699960000000000,False,5947.040000000004
1174,2023-07-17,2023-07-20,3,6.0,persist_2_settlement,True,True,False,True,5.95,2.9499999999999984,1689701940000000000,False,5947.040000000004
1174,2023-07-17,2023-07-20,3,6.0,persist_3_settlement,True,True,False,True,5.95,2.9999999999999956,1689702000000000000,False,5847.040000000009
1174,2023-07-17,2023-07-20,3,6.0,event_strong,True,True,False,True,5.95,3,1689707648633975082,False,5847.04
1174,2023-07-17,2023-07-20,3,6.0,event_strong_plausible,True,True,False,True,5.95,3,1689618335637742599,False,5847.04
1174,2023-07-17,2023-07-20,3,6.0,event_conservative,True,True,False,True,5.75,3,1689709800084332273,False,5447.04
1175,2023-07-17,2023-07-20,3,7.0,minute_touch_original_quote_terminal,True,True,False,True,6.95,2.9499999999999984,1689773520000000000,False,7947.040000000004
1175,2023-07-17,2023-07-20,3,7.0,minute_touch_settlement,True,True,False,True,6.95,2.9499999999999984,1689773520000000000,False,7947.040000000004
1175,2023-07-17,2023-07-20,3,7.0,persist_2_settlement,True,True,False,True,6.95,2.850000000000004,1689777720000000000,False,8147.039999999993
1175,2023-07-17,2023-07-20,3,7.0,persist_3_settlement,True,True,False,True,6.95,2.700000000000002,1689777780000000000,False,8447.039999999997
1175,2023-07-17,2023-07-20,3,7.0,event_strong,True,True,False,True,6.95,3,1689781176582513175,False,7847.04
1175,2023-07-17,2023-07-20,3,7.0,event_strong_plausible,True,True,False,True,6.95,3,1689602152553448976,False,7847.04
1175,2023-07-17,2023-07-20,3,7.0,event_conservative,True,True,False,True,6.75,10.0,,True,-6552.96
1200,2023-07-31,2023-08-02,2,5.0,minute_touch_original_quote_terminal,True,True,False,True,4.999999999999997,10.0,,True,-10052.960000000005
1200,2023-07-31,2023-08-02,2,5.0,minute_touch_settlement,True,True,False,True,4.999999999999997,10.0,,True,-10052.960000000005
1200,2023-07-31,2023-08-02,2,5.0,persist_2_settlement,True,True,False,True,4.999999999999997,10.0,,True,-10052.960000000005
1200,2023-07-31,2023-08-02,2,5.0,persist_3_settlement,True,True,False,True,4.999999999999997,10.0,,True,-10052.960000000005
1200,2023-07-31,2023-08-02,2,5.0,event_strong,True,True,False,True,4.95,10.0,,True,-10152.96
1200,2023-07-31,2023-08-02,2,5.0,event_strong_plausible,True,True,False,True,4.95,3,1690810324454017914,False,3847.0400000000004
1200,2023-07-31,2023-08-02,2,5.0,event_conservative,True,True,False,True,4.75,10.0,,True,-10552.96
1201,2023-07-31,2023-08-02,2,6.0,minute_touch_original_quote_terminal,True,True,False,True,5.849999999999977,10.0,,True,-8352.960000000045
1201,2023-07-31,2023-08-02,2,6.0,minute_touch_settlement,True,True,False,True,5.849999999999977,10.0,,True,-8352.960000000045
1201,2023-07-31,2023-08-02,2,6.0,persist_2_settlement,True,True,False,True,5.849999999999977,10.0,,True,-8352.960000000045
1201,2023-07-31,2023-08-02,2,6.0,persist_3_settlement,True,True,False,True,5.849999999999977,10.0,,True,-8352.960000000045
1201,2023-07-31,2023-08-02,2,6.0,event_strong,True,True,False,True,5.95,10.0,,True,-8152.96
1201,2023-07-31,2023-08-02,2,6.0,event_strong_plausible,True,True,False,True,5.95,3,1690810802993588704,False,5847.04
1201,2023-07-31,2023-08-02,2,6.0,event_conservative,True,True,False,True,5.75,10.0,,True,-8552.96
1202,2023-07-31,2023-08-02,2,7.0,minute_touch_original_quote_terminal,True,True,False,True,6.900000000000017,10.0,,True,-6252.9599999999655
1202,2023-07-31,2023-08-02,2,7.0,minute_touch_settlement,True,True,False,True,6.900000000000017,10.0,,True,-6252.9599999999655
1202,2023-07-31,2023-08-02,2,7.0,persist_2_settlement,True,True,False,True,6.900000000000017,10.0,,True,-6252.9599999999655
1202,2023-07-31,2023-08-02,2,7.0,persist_3_settlement,True,True,False,True,6.900000000000017,10.0,,True,-6252.9599999999655
1202,2023-07-31,2023-08-02,2,7.0,event_strong,True,True,False,True,6.95,10.0,,True,-6152.96
1202,2023-07-31,2023-08-02,2,7.0,event_strong_plausible,True,True,False,True,6.95,3,1690811897173513994,False,7847.04
1202,2023-07-31,2023-08-02,2,7.0,event_conservative,True,True,False,True,6.75,10.0,,True,-6552.96
1203,2023-07-31,2023-08-03,3,5.0,minute_touch_original_quote_terminal,True,True,False,True,5.0000000000000115,10.0,,True,-10052.959999999975
1203,2023-07-31,2023-08-03,3,5.0,minute_touch_settlement,True,True,False,True,5.0000000000000115,10.0,,True,-10052.959999999975
1203,2023-07-31,2023-08-03,3,5.0,persist_2_settlement,True,True,False,True,5.0000000000000115,10.0,,True,-10052.959999999975
1203,2023-07-31,2023-08-03,3,5.0,persist_3_settlement,True,True,False,True,5.0000000000000115,10.0,,True,-10052.959999999975
1203,2023-07-31,2023-08-03,3,5.0,event_strong,True,True,False,True,4.95,10.0,,True,-10152.96
1203,2023-07-31,2023-08-03,3,5.0,event_strong_plausible,True,True,False,True,4.95,3,1690810271864197806,False,3847.0400000000004
1203,2023-07-31,2023-08-03,3,5.0,event_conservative,True,True,False,True,4.75,10.0,,True,-10552.96
1204,2023-07-31,2023-08-03,3,6.0,minute_touch_original_quote_terminal,True,True,False,True,5.900000000000017,9.200000000000092,,True,-6652.960000000149
1204,2023-07-31,2023-08-03,3,6.0,minute_touch_settlement,True,True,False,True,5.900000000000017,10.0,,True,-8252.959999999965
1204,2023-07-31,2023-08-03,3,6.0,persist_2_settlement,True,True,False,True,5.900000000000017,10.0,,True,-8252.959999999965
1204,2023-07-31,2023-08-03,3,6.0,persist_3_settlement,True,True,False,True,5.900000000000017,10.0,,True,-8252.959999999965
1204,2023-07-31,2023-08-03,3,6.0,event_strong,True,True,False,True,5.95,10.0,,True,-8152.96
1204,2023-07-31,2023-08-03,3,6.0,event_strong_plausible,True,True,False,True,5.95,3,1690902131587919302,False,5847.04
1204,2023-07-31,2023-08-03,3,6.0,event_conservative,True,True,False,True,5.75,10.0,,True,-8552.96
1205,2023-07-31,2023-08-03,3,7.0,minute_touch_original_quote_terminal,True,True,False,True,6.999999999999983,8.650000000000023,,True,-3352.9600000000805
1205,2023-07-31,2023-08-03,3,7.0,minute_touch_settlement,True,True,False,True,6.999999999999983,10.0,,True,-6052.960000000034
1205,2023-07-31,2023-08-03,3,7.0,persist_2_settlement,True,True,False,True,6.999999999999983,10.0,,True,-6052.960000000034
1205,2023-07-31,2023-08-03,3,7.0,persist_3_settlement,True,True,False,True,6.999999999999983,10.0,,True,-6052.960000000034
1205,2023-07-31,2023-08-03,3,7.0,event_strong,True,True,False,True,6.95,10.0,,True,-6152.96
1205,2023-07-31,2023-08-03,3,7.0,event_strong_plausible,True,True,False,True,6.95,3,1690811751098032699,False,7847.04
1205,2023-07-31,2023-08-03,3,7.0,event_conservative,True,True,False,True,6.75,10.0,,True,-6552.96
1206,2023-08-01,2023-08-03,2,5.0,minute_touch_original_quote_terminal,True,True,False,True,4.900000000000003,9.949999999999978,,True,-10152.959999999948
1206,2023-08-01,2023-08-03,2,5.0,minute_touch_settlement,True,True,False,True,4.900000000000003,10.0,,True,-10252.959999999994
1206,2023-08-01,2023-08-03,2,5.0,persist_2_settlement,True,True,False,True,4.900000000000003,10.0,,True,-10252.959999999994
1206,2023-08-01,2023-08-03,2,5.0,persist_3_settlement,True,True,False,True,4.900000000000003,10.0,,True,-10252.959999999994
1206,2023-08-01,2023-08-03,2,5.0,event_strong,True,True,False,True,4.95,10.0,,True,-10152.96
1206,2023-08-01,2023-08-03,2,5.0,event_strong_plausible,True,True,False,True,4.95,3,1690896676843845302,False,3847.0400000000004
1206,2023-08-01,2023-08-03,2,5.0,event_conservative,True,True,False,True,4.75,10.0,,True,-10552.96
1207,2023-08-01,2023-08-03,2,6.0,minute_touch_original_quote_terminal,True,True,False,True,5.749999999999997,10.0,,True,-8552.960000000005
1207,2023-08-01,2023-08-03,2,6.0,minute_touch_settlement,True,True,False,True,5.749999999999997,10.0,,True,-8552.960000000005
1207,2023-08-01,2023-08-03,2,6.0,persist_2_settlement,True,True,False,True,5.749999999999997,10.0,,True,-8552.960000000005
1207,2023-08-01,2023-08-03,2,6.0,persist_3_settlement,True,True,False,True,5.749999999999997,10.0,,True,-8552.960000000005
1207,2023-08-01,2023-08-03,2,6.0,event_strong,True,True,False,True,5.95,10.0,,True,-8152.96
1207,2023-08-01,2023-08-03,2,6.0,event_strong_plausible,True,True,False,True,5.95,3,1690897026967227622,False,5847.04
1207,2023-08-01,2023-08-03,2,6.0,event_conservative,True,True,False,True,5.75,10.0,,True,-8552.96
1208,2023-08-01,2023-08-03,2,7.0,minute_touch_original_quote_terminal,True,True,False,True,6.999999999999983,10.0,,True,-6052.960000000034
1208,2023-08-01,2023-08-03,2,7.0,minute_touch_settlement,True,True,False,True,6.999999999999983,10.0,,True,-6052.960000000034
1208,2023-08-01,2023-08-03,2,7.0,persist_2_settlement,True,True,False,True,6.999999999999983,10.0,,True,-6052.960000000034
1208,2023-08-01,2023-08-03,2,7.0,persist_3_settlement,True,True,False,True,6.999999999999983,10.0,,True,-6052.960000000034
1208,2023-08-01,2023-08-03,2,7.0,event_strong,True,True,False,True,6.95,10.0,,True,-6152.96
1208,2023-08-01,2023-08-03,2,7.0,event_strong_plausible,True,True,False,True,6.95,3,1690898425893849563,False,7847.04
1208,2023-08-01,2023-08-03,2,7.0,event_conservative,True,True,False,True,6.75,10.0,,True,-6552.96
1209,2023-08-01,2023-08-04,3,5.0,minute_touch_original_quote_terminal,True,True,False,True,4.949999999999986,2.199999999999977,1691179140000000000,False,5447.040000000018
1209,2023-08-01,2023-08-04,3,5.0,minute_touch_settlement,True,True,False,True,4.949999999999986,2.199999999999977,1691179140000000000,False,5447.040000000018
1209,2023-08-01,2023-08-04,3,5.0,persist_2_settlement,True,True,False,True,4.949999999999986,10.0,,True,-10152.960000000026
1209,2023-08-01,2023-08-04,3,5.0,persist_3_settlement,True,True,False,True,4.949999999999986,10.0,,True,-10152.960000000026
1209,2023-08-01,2023-08-04,3,5.0,event_strong,True,True,False,True,4.95,10.0,,True,-10152.96
1209,2023-08-01,2023-08-04,3,5.0,event_strong_plausible,True,True,False,True,4.95,3,1690896671889289867,False,3847.0400000000004
1209,2023-08-01,2023-08-04,3,5.0,event_conservative,True,True,False,True,4.75,10.0,,True,-10552.96
1210,2023-08-01,2023-08-04,3,6.0,minute_touch_original_quote_terminal,True,True,False,True,6.0499999999999945,9.350000000000069,,True,-6652.960000000149
1210,2023-08-01,2023-08-04,3,6.0,minute_touch_settlement,True,True,False,True,6.0499999999999945,10.0,,True,-7952.960000000011
1210,2023-08-01,2023-08-04,3,6.0,persist_2_settlement,True,True,False,True,6.0499999999999945,10.0,,True,-7952.960000000011
1210,2023-08-01,2023-08-04,3,6.0,persist_3_settlement,True,True,False,True,6.0499999999999945,10.0,,True,-7952.960000000011
1210,2023-08-01,2023-08-04,3,6.0,event_strong,True,True,False,True,5.95,10.0,,True,-8152.96
1210,2023-08-01,2023-08-04,3,6.0,event_strong_plausible,True,True,False,True,5.95,3,1690898390924764670,False,5847.04
1210,2023-08-01,2023-08-04,3,6.0,event_conservative,True,True,False,True,5.75,10.0,,True,-8552.96
1211,2023-08-01,2023-08-04,3,7.0,minute_touch_original_quote_terminal,True,True,False,True,7.049999999999966,10.0,,True,-5952.960000000068
1211,2023-08-01,2023-08-04,3,7.0,minute_touch_settlement,True,True,False,True,7.049999999999966,10.0,,True,-5952.960000000068
1211,2023-08-01,2023-08-04,3,7.0,persist_2_settlement,True,True,False,True,7.049999999999966,10.0,,True,-5952.960000000068
1211,2023-08-01,2023-08-04,3,7.0,persist_3_settlement,True,True,False,True,7.049999999999966,10.0,,True,-5952.960000000068
1211,2023-08-01,2023-08-04,3,7.0,event_strong,True,True,False,True,6.95,10.0,,True,-6152.96
1211,2023-08-01,2023-08-04,3,7.0,event_strong_plausible,True,True,False,True,6.95,3,1690896662283974971,False,7847.04
1211,2023-08-01,2023-08-04,3,7.0,event_conservative,True,True,False,True,6.75,10.0,,True,-6552.96
1242,2023-08-15,2023-08-17,2,5.0,minute_touch_original_quote_terminal,True,True,False,True,4.95,9.49999999999999,,True,-9152.959999999977
1242,2023-08-15,2023-08-17,2,5.0,minute_touch_settlement,True,True,False,True,4.95,10.0,,True,-10152.96
1242,2023-08-15,2023-08-17,2,5.0,persist_2_settlement,True,True,False,True,4.95,10.0,,True,-10152.96
1242,2023-08-15,2023-08-17,2,5.0,persist_3_settlement,True,True,False,True,4.95,10.0,,True,-10152.96
1242,2023-08-15,2023-08-17,2,5.0,event_strong,True,True,False,True,4.95,10.0,,True,-10152.96
1242,2023-08-15,2023-08-17,2,5.0,event_strong_plausible,True,True,False,True,4.95,3,1692106261342491438,False,3847.0400000000004
1242,2023-08-15,2023-08-17,2,5.0,event_conservative,True,True,False,True,4.75,10.0,,True,-10552.96
1243,2023-08-15,2023-08-17,2,6.0,minute_touch_original_quote_terminal,True,True,False,True,5.95,2.3499999999999543,1692108300000000000,False,7147.040000000092
1243,2023-08-15,2023-08-17,2,6.0,minute_touch_settlement,True,True,False,True,5.95,2.3499999999999543,1692108300000000000,False,7147.040000000092
1243,2023-08-15,2023-08-17,2,6.0,persist_2_settlement,True,True,False,True,5.95,10.0,,True,-8152.96
1243,2023-08-15,2023-08-17,2,6.0,persist_3_settlement,True,True,False,True,5.95,10.0,,True,-8152.96
1243,2023-08-15,2023-08-17,2,6.0,event_strong,True,True,False,True,5.95,10.0,,True,-8152.96
1243,2023-08-15,2023-08-17,2,6.0,event_strong_plausible,True,True,False,True,5.95,3,1692106290863263892,False,5847.04
1243,2023-08-15,2023-08-17,2,6.0,event_conservative,True,True,False,True,5.75,10.0,,True,-8552.96
1244,2023-08-15,2023-08-17,2,7.0,minute_touch_original_quote_terminal,True,True,False,True,6.999999999999983,9.600000000000069,,True,-5252.960000000172
1244,2023-08-15,2023-08-17,2,7.0,minute_touch_settlement,True,True,False,True,6.999999999999983,10.0,,True,-6052.960000000034
1244,2023-08-15,2023-08-17,2,7.0,persist_2_settlement,True,True,False,True,6.999999999999983,10.0,,True,-6052.960000000034
1244,2023-08-15,2023-08-17,2,7.0,persist_3_settlement,True,True,False,True,6.999999999999983,10.0,,True,-6052.960000000034
1244,2023-08-15,2023-08-17,2,7.0,event_strong,True,True,False,True,6.95,10.0,,True,-6152.96
1244,2023-08-15,2023-08-17,2,7.0,event_strong_plausible,True,True,False,True,6.95,3,1692108007666519526,False,7847.04
1244,2023-08-15,2023-08-17,2,7.0,event_conservative,True,True,False,True,6.75,10.0,,True,-6552.96
1278,2023-08-30,2023-09-01,2,5.0,minute_touch_original_quote_terminal,True,True,False,True,4.849999999999992,2.7500000000000027,1693423920000000000,False,4147.039999999978
1278,2023-08-30,2023-09-01,2,5.0,minute_touch_settlement,True,True,False,True,4.849999999999992,2.7500000000000027,1693423920000000000,False,4147.039999999978
1278,2023-08-30,2023-09-01,2,5.0,persist_2_settlement,True,True,False,True,4.849999999999992,2.9000000000000012,1693489200000000000,False,3847.039999999981
1278,2023-08-30,2023-09-01,2,5.0,persist_3_settlement,True,True,False,True,4.849999999999992,2.7500000000000027,1693490160000000000,False,4147.039999999978
1278,2023-08-30,2023-09-01,2,5.0,event_strong,True,True,False,True,4.95,3,1693490260669528237,False,3847.0400000000004
1278,2023-08-30,2023-09-01,2,5.0,event_strong_plausible,True,True,False,True,4.95,3,1693402271593003042,False,3847.0400000000004
1278,2023-08-30,2023-09-01,2,5.0,event_conservative,True,True,False,True,4.75,3,1693491386524364431,False,3447.04
1279,2023-08-30,2023-09-01,2,6.0,minute_touch_original_quote_terminal,True,True,False,True,6.2500000000000115,2.9500000000000055,1693491780000000000,False,6547.040000000012
1279,2023-08-30,2023-09-01,2,6.0,minute_touch_settlement,True,True,False,True,6.2500000000000115,2.9500000000000055,1693491780000000000,False,6547.040000000012
1279,2023-08-30,2023-09-01,2,6.0,persist_2_settlement,True,True,False,True,6.2500000000000115,2.9000000000000083,1693492800000000000,False,6647.040000000006
1279,2023-08-30,2023-09-01,2,6.0,persist_3_settlement,True,True,False,True,6.2500000000000115,1.9999999999999993,1693575180000000000,False,8447.040000000026
1279,2023-08-30,2023-09-01,2,6.0,event_strong,True,True,False,True,5.95,3,1693492485118894768,False,5847.04
1279,2023-08-30,2023-09-01,2,6.0,event_strong_plausible,True,True,False,True,5.95,3,1693403680214653414,False,5847.04
1279,2023-08-30,2023-09-01,2,6.0,event_conservative,True,True,False,True,5.75,3,1693575062068669685,False,5447.04
1280,2023-08-30,2023-09-01,2,7.0,minute_touch_original_quote_terminal,True,True,False,True,7.050000000000023,10.0,,True,-5952.959999999955
1280,2023-08-30,2023-09-01,2,7.0,minute_touch_settlement,True,True,False,True,7.050000000000023,10.0,,True,-5952.959999999955
1280,2023-08-30,2023-09-01,2,7.0,persist_2_settlement,True,True,False,True,7.050000000000023,10.0,,True,-5952.959999999955
1280,2023-08-30,2023-09-01,2,7.0,persist_3_settlement,True,True,False,True,7.050000000000023,10.0,,True,-5952.959999999955
1280,2023-08-30,2023-09-01,2,7.0,event_strong,True,True,False,True,6.95,10.0,,True,-6152.96
1280,2023-08-30,2023-09-01,2,7.0,event_strong_plausible,True,True,False,True,6.95,3,1693405457034033494,False,7847.04
1280,2023-08-30,2023-09-01,2,7.0,event_conservative,True,True,False,True,6.75,10.0,,True,-6552.96
1281,2023-09-05,2023-09-07,2,5.0,minute_touch_original_quote_terminal,True,True,False,True,4.95,10.0,,True,-10152.96
1281,2023-09-05,2023-09-07,2,5.0,minute_touch_settlement,True,True,False,True,4.95,10.0,,True,-10152.96
1281,2023-09-05,2023-09-07,2,5.0,persist_2_settlement,True,True,False,True,4.95,10.0,,True,-10152.96
1281,2023-09-05,2023-09-07,2,5.0,persist_3_settlement,True,True,False,True,4.95,10.0,,True,-10152.96
1281,2023-09-05,2023-09-07,2,5.0,event_strong,True,True,False,True,4.95,10.0,,True,-10152.96
1281,2023-09-05,2023-09-07,2,5.0,event_strong_plausible,True,True,False,True,4.95,3,1693920721053000647,False,3847.0400000000004
1281,2023-09-05,2023-09-07,2,5.0,event_conservative,True,True,False,True,4.75,10.0,,True,-10552.96
1282,2023-09-05,2023-09-07,2,6.0,minute_touch_original_quote_terminal,True,True,False,True,5.749999999999983,10.0,,True,-8552.960000000034
1282,2023-09-05,2023-09-07,2,6.0,minute_touch_settlement,True,True,False,True,5.749999999999983,10.0,,True,-8552.960000000034
1282,2023-09-05,2023-09-07,2,6.0,persist_2_settlement,True,True,False,True,5.749999999999983,10.0,,True,-8552.960000000034
1282,2023-09-05,2023-09-07,2,6.0,persist_3_settlement,True,True,False,True,5.749999999999983,10.0,,True,-8552.960000000034
1282,2023-09-05,2023-09-07,2,6.0,event_strong,True,True,False,True,5.95,10.0,,True,-8152.96
1282,2023-09-05,2023-09-07,2,6.0,event_strong_plausible,True,True,False,True,5.95,3,1693932989429806217,False,5847.04
1282,2023-09-05,2023-09-07,2,6.0,event_conservative,True,True,False,True,5.75,10.0,,True,-8552.96
1283,2023-09-05,2023-09-07,2,7.0,minute_touch_original_quote_terminal,True,True,False,True,6.899999999999989,10.0,,True,-6252.960000000023
1283,2023-09-05,2023-09-07,2,7.0,minute_touch_settlement,True,True,False,True,6.899999999999989,10.0,,True,-6252.960000000023
1283,2023-09-05,2023-09-07,2,7.0,persist_2_settlement,True,True,False,True,6.899999999999989,10.0,,True,-6252.960000000023
1283,2023-09-05,2023-09-07,2,7.0,persist_3_settlement,True,True,False,True,6.899999999999989,10.0,,True,-6252.960000000023
1283,2023-09-05,2023-09-07,2,7.0,event_strong,True,True,False,True,6.95,10.0,,True,-6152.96
1283,2023-09-05,2023-09-07,2,7.0,event_strong_plausible,True,True,False,True,6.95,3,1693921431444729845,False,7847.04
1283,2023-09-05,2023-09-07,2,7.0,event_conservative,True,True,False,True,6.75,10.0,,True,-6552.96
1284,2023-09-05,2023-09-08,3,5.0,minute_touch_original_quote_terminal,True,True,False,True,4.999999999999997,10.0,,True,-10052.960000000005
1284,2023-09-05,2023-09-08,3,5.0,minute_touch_settlement,True,True,False,True,4.999999999999997,10.0,,True,-10052.960000000005
1284,2023-09-05,2023-09-08,3,5.0,persist_2_settlement,True,True,False,True,4.999999999999997,10.0,,True,-10052.960000000005
1284,2023-09-05,2023-09-08,3,5.0,persist_3_settlement,True,True,False,True,4.999999999999997,10.0,,True,-10052.960000000005
1284,2023-09-05,2023-09-08,3,5.0,event_strong,True,True,False,True,4.95,10.0,,True,-10152.96
1284,2023-09-05,2023-09-08,3,5.0,event_strong_plausible,True,True,False,True,4.95,3,1693920661903996734,False,3847.0400000000004
1284,2023-09-05,2023-09-08,3,5.0,event_conservative,True,True,False,True,4.75,10.0,,True,-10552.96
1285,2023-09-05,2023-09-08,3,6.0,minute_touch_original_quote_terminal,True,True,False,True,5.95,10.0,,True,-8152.96
1285,2023-09-05,2023-09-08,3,6.0,minute_touch_settlement,True,True,False,True,5.95,10.0,,True,-8152.96
1285,2023-09-05,2023-09-08,3,6.0,persist_2_settlement,True,True,False,True,5.95,10.0,,True,-8152.96
1285,2023-09-05,2023-09-08,3,6.0,persist_3_settlement,True,True,False,True,5.95,10.0,,True,-8152.96
1285,2023-09-05,2023-09-08,3,6.0,event_strong,True,True,False,True,5.95,10.0,,True,-8152.96
1285,2023-09-05,2023-09-08,3,6.0,event_strong_plausible,True,True,False,True,5.95,3,1693921121511317365,False,5847.04
1285,2023-09-05,2023-09-08,3,6.0,event_conservative,True,True,False,True,5.75,10.0,,True,-8552.96
1286,2023-09-05,2023-09-08,3,7.0,minute_touch_original_quote_terminal,True,True,False,True,6.900000000000046,2.0999999999999543,1694179980000000000,False,9547.040000000183
1286,2023-09-05,2023-09-08,3,7.0,minute_touch_settlement,True,True,False,True,6.900000000000046,2.0999999999999543,1694179980000000000,False,9547.040000000183
1286,2023-09-05,2023-09-08,3,7.0,persist_2_settlement,True,True,False,True,6.900000000000046,10.0,,True,-6252.959999999909
1286,2023-09-05,2023-09-08,3,7.0,persist_3_settlement,True,True,False,True,6.900000000000046,10.0,,True,-6252.959999999909
1286,2023-09-05,2023-09-08,3,7.0,event_strong,True,True,False,True,6.95,10.0,,True,-6152.96
1286,2023-09-05,2023-09-08,3,7.0,event_strong_plausible,True,True,False,True,6.95,3,1693921075375672633,False,7847.04
1286,2023-09-05,2023-09-08,3,7.0,event_conservative,True,True,False,True,6.75,10.0,,True,-6552.96
1305,2023-09-18,2023-09-20,2,5.0,minute_touch_original_quote_terminal,True,True,False,True,5.0499999999999945,2.599999999999997,1695051120000000000,False,4847.039999999995
1305,2023-09-18,2023-09-20,2,5.0,minute_touch_settlement,True,True,False,True,5.0499999999999945,2.599999999999997,1695051120000000000,False,4847.039999999995
1305,2023-09-18,2023-09-20,2,5.0,persist_2_settlement,True,True,False,True,5.0499999999999945,10.0,,True,-9952.96000000001
1305,2023-09-18,2023-09-20,2,5.0,persist_3_settlement,True,True,False,True,5.0499999999999945,10.0,,True,-9952.96000000001
1305,2023-09-18,2023-09-20,2,5.0,event_strong,True,True,False,True,4.95,10.0,,True,-10152.96
1305,2023-09-18,2023-09-20,2,5.0,event_strong_plausible,True,True,False,True,4.95,3,1695043888535214955,False,3847.0400000000004
1305,2023-09-18,2023-09-20,2,5.0,event_conservative,True,True,False,True,4.75,10.0,,True,-10552.96
1306,2023-09-18,2023-09-20,2,6.0,minute_touch_original_quote_terminal,True,True,False,True,5.95,10.0,,True,-8152.96
1306,2023-09-18,2023-09-20,2,6.0,minute_touch_settlement,True,True,False,True,5.95,10.0,,True,-8152.96
1306,2023-09-18,2023-09-20,2,6.0,persist_2_settlement,True,True,False,True,5.95,10.0,,True,-8152.96
1306,2023-09-18,2023-09-20,2,6.0,persist_3_settlement,True,True,False,True,5.95,10.0,,True,-8152.96
1306,2023-09-18,2023-09-20,2,6.0,event_strong,True,True,False,True,5.95,10.0,,True,-8152.96
1306,2023-09-18,2023-09-20,2,6.0,event_strong_plausible,True,True,False,True,5.95,3,1695044006432770972,False,5847.04
1306,2023-09-18,2023-09-20,2,6.0,event_conservative,True,True,False,True,5.75,10.0,,True,-8552.96
1307,2023-09-18,2023-09-20,2,7.0,minute_touch_original_quote_terminal,True,True,False,True,6.899999999999989,10.0,,True,-6252.960000000023
1307,2023-09-18,2023-09-20,2,7.0,minute_touch_settlement,True,True,False,True,6.899999999999989,10.0,,True,-6252.960000000023
1307,2023-09-18,2023-09-20,2,7.0,persist_2_settlement,True,True,False,True,6.899999999999989,10.0,,True,-6252.960000000023
1307,2023-09-18,2023-09-20,2,7.0,persist_3_settlement,True,True,False,True,6.899999999999989,10.0,,True,-6252.960000000023
1307,2023-09-18,2023-09-20,2,7.0,event_strong,True,True,False,True,6.95,10.0,,True,-6152.96
1307,2023-09-18,2023-09-20,2,7.0,event_strong_plausible,True,True,False,True,6.95,3,1695046346879006975,False,7847.04
1307,2023-09-18,2023-09-20,2,7.0,event_conservative,True,True,False,True,6.75,10.0,,True,-6552.96
1308,2023-09-18,2023-09-21,3,5.0,minute_touch_original_quote_terminal,True,True,False,True,4.850000000000006,2.4499999999999913,1695222180000000000,False,4747.040000000029
1308,2023-09-18,2023-09-21,3,5.0,minute_touch_settlement,True,True,False,True,4.850000000000006,2.4499999999999913,1695222180000000000,False,4747.040000000029
1308,2023-09-18,2023-09-21,3,5.0,persist_2_settlement,True,True,False,True,4.850000000000006,10.0,,True,-10352.959999999988
1308,2023-09-18,2023-09-21,3,5.0,persist_3_settlement,True,True,False,True,4.850000000000006,10.0,,True,-10352.959999999988
1308,2023-09-18,2023-09-21,3,5.0,event_strong,True,True,False,True,4.95,10.0,,True,-10152.96
1308,2023-09-18,2023-09-21,3,5.0,event_strong_plausible,True,True,False,True,4.95,3,1695043867545522505,False,3847.0400000000004
1308,2023-09-18,2023-09-21,3,5.0,event_conservative,True,True,False,True,4.75,10.0,,True,-10552.96
1309,2023-09-18,2023-09-21,3,6.0,minute_touch_original_quote_terminal,True,True,False,True,5.849999999999977,10.0,,True,-8352.960000000045
1309,2023-09-18,2023-09-21,3,6.0,minute_touch_settlement,True,True,False,True,5.849999999999977,10.0,,True,-8352.960000000045
1309,2023-09-18,2023-09-21,3,6.0,persist_2_settlement,True,True,False,True,5.849999999999977,10.0,,True,-8352.960000000045
1309,2023-09-18,2023-09-21,3,6.0,persist_3_settlement,True,True,False,True,5.849999999999977,10.0,,True,-8352.960000000045
1309,2023-09-18,2023-09-21,3,6.0,event_strong,True,True,False,True,5.95,10.0,,True,-8152.96
1309,2023-09-18,2023-09-21,3,6.0,event_strong_plausible,True,True,False,True,5.95,3,1695044017644891907,False,5847.04
1309,2023-09-18,2023-09-21,3,6.0,event_conservative,True,True,False,True,5.75,10.0,,True,-8552.96
1310,2023-09-18,2023-09-21,3,7.0,minute_touch_original_quote_terminal,True,True,False,True,7.0000000000000115,2.8499999999999543,1695325980000000000,False,8247.040000000115
1310,2023-09-18,2023-09-21,3,7.0,minute_touch_settlement,True,True,False,True,7.0000000000000115,2.8499999999999543,1695325980000000000,False,8247.040000000115
1310,2023-09-18,2023-09-21,3,7.0,persist_2_settlement,True,True,False,True,7.0000000000000115,2.8499999999999543,1695326040000000000,False,8247.040000000115
1310,2023-09-18,2023-09-21,3,7.0,persist_3_settlement,True,True,False,True,7.0000000000000115,2.8499999999999543,1695326100000000000,False,8247.040000000115
1310,2023-09-18,2023-09-21,3,7.0,event_strong,True,True,False,True,6.95,10.0,,True,-6152.96
1310,2023-09-18,2023-09-21,3,7.0,event_strong_plausible,True,True,False,True,6.95,3,1695043867506578075,False,7847.04
1310,2023-09-18,2023-09-21,3,7.0,event_conservative,True,True,False,True,6.75,10.0,,True,-6552.96
1338,2023-09-29,2023-10-02,3,5.0,minute_touch_original_quote_terminal,True,True,False,True,4.95,10.0,,True,-10152.96
1338,2023-09-29,2023-10-02,3,5.0,minute_touch_settlement,True,True,False,True,4.95,10.0,,True,-10152.96
1338,2023-09-29,2023-10-02,3,5.0,persist_2_settlement,True,True,False,True,4.95,10.0,,True,-10152.96
1338,2023-09-29,2023-10-02,3,5.0,persist_3_settlement,True,True,False,True,4.95,10.0,,True,-10152.96
1338,2023-09-29,2023-10-02,3,5.0,event_strong,True,True,False,True,4.95,10.0,,True,-10152.96
1338,2023-09-29,2023-10-02,3,5.0,event_strong_plausible,True,True,False,True,4.95,3,1695994465981556174,False,3847.0400000000004
1338,2023-09-29,2023-10-02,3,5.0,event_conservative,True,True,False,True,4.75,10.0,,True,-10552.96
1339,2023-09-29,2023-10-02,3,6.0,minute_touch_original_quote_terminal,True,True,False,True,5.899999999999989,9.99999999999999,,True,-8252.960000000001
1339,2023-09-29,2023-10-02,3,6.0,minute_touch_settlement,True,True,False,True,5.899999999999989,10.0,,True,-8252.960000000021
1339,2023-09-29,2023-10-02,3,6.0,persist_2_settlement,True,True,False,True,5.899999999999989,10.0,,True,-8252.960000000021
1339,2023-09-29,2023-10-02,3,6.0,persist_3_settlement,True,True,False,True,5.899999999999989,10.0,,True,-8252.960000000021
1339,2023-09-29,2023-10-02,3,6.0,event_strong,True,True,False,True,5.95,10.0,,True,-8152.96
1339,2023-09-29,2023-10-02,3,6.0,event_strong_plausible,True,True,False,True,5.95,3,1695995290797424467,False,5847.04
1339,2023-09-29,2023-10-02,3,6.0,event_conservative,True,True,False,True,5.75,10.0,,True,-8552.96
1340,2023-09-29,2023-10-02,3,7.0,minute_touch_original_quote_terminal,True,True,False,True,6.899999999999989,10.0,,True,-6252.960000000023
1340,2023-09-29,2023-10-02,3,7.0,minute_touch_settlement,True,True,False,True,6.899999999999989,10.0,,True,-6252.960000000023
1340,2023-09-29,2023-10-02,3,7.0,persist_2_settlement,True,True,False,True,6.899999999999989,10.0,,True,-6252.960000000023
1340,2023-09-29,2023-10-02,3,7.0,persist_3_settlement,True,True,False,True,6.899999999999989,10.0,,True,-6252.960000000023
1340,2023-09-29,2023-10-02,3,7.0,event_strong,True,True,False,True,6.95,10.0,,True,-6152.96
1340,2023-09-29,2023-10-02,3,7.0,event_strong_plausible,True,True,False,True,6.95,3,1696255201684668752,False,7847.04
1340,2023-09-29,2023-10-02,3,7.0,event_conservative,True,True,False,True,6.75,10.0,,True,-6552.96
1341,2023-10-02,2023-10-04,2,5.0,minute_touch_original_quote_terminal,True,True,False,True,4.999999999999997,2.2000000000000055,1696253640000000000,False,5547.039999999984
1341,2023-10-02,2023-10-04,2,5.0,minute_touch_settlement,True,True,False,True,4.999999999999997,2.2000000000000055,1696253640000000000,False,5547.039999999984
1341,2023-10-02,2023-10-04,2,5.0,persist_2_settlement,True,True,False,True,4.999999999999997,2.7500000000000027,1696259820000000000,False,4447.039999999989
1341,2023-10-02,2023-10-04,2,5.0,persist_3_settlement,True,True,False,True,4.999999999999997,2.7000000000000055,1696259880000000000,False,4547.039999999984
1341,2023-10-02,2023-10-04,2,5.0,event_strong,True,True,False,True,4.95,3,1696446654376375662,False,3847.0400000000004
1341,2023-10-02,2023-10-04,2,5.0,event_strong_plausible,True,True,False,True,4.95,3,1696253468376534256,False,3847.0400000000004
1341,2023-10-02,2023-10-04,2,5.0,event_conservative,True,True,False,True,4.75,3,1696446654376375662,False,3447.04
1342,2023-10-02,2023-10-04,2,6.0,minute_touch_original_quote_terminal,True,True,False,True,5.749999999999983,2.899999999999994,1696259940000000000,False,5647.039999999978
1342,2023-10-02,2023-10-04,2,6.0,minute_touch_settlement,True,True,False,True,5.749999999999983,2.899999999999994,1696259940000000000,False,5647.039999999978
1342,2023-10-02,2023-10-04,2,6.0,persist_2_settlement,True,True,False,True,5.749999999999983,2.55,1696260120000000000,False,6347.039999999966
1342,2023-10-02,2023-10-04,2,6.0,persist_3_settlement,True,True,False,True,5.749999999999983,2.55,1696260180000000000,False,6347.039999999966
1342,2023-10-02,2023-10-04,2,6.0,event_strong,True,True,False,True,5.95,3,1696446999475805896,False,5847.04
1342,2023-10-02,2023-10-04,2,6.0,event_strong_plausible,True,True,False,True,5.95,3,1696253468931885041,False,5847.04
1342,2023-10-02,2023-10-04,2,6.0,event_conservative,True,True,False,True,5.75,3,1696447011780592319,False,5447.04
1343,2023-10-02,2023-10-04,2,7.0,minute_touch_original_quote_terminal,True,True,False,True,6.95,9.05,,True,-4252.960000000001
1343,2023-10-02,2023-10-04,2,7.0,minute_touch_settlement,True,True,False,True,6.95,10.0,,True,-6152.96
1343,2023-10-02,2023-10-04,2,7.0,persist_2_settlement,True,True,False,True,6.95,10.0,,True,-6152.96
1343,2023-10-02,2023-10-04,2,7.0,persist_3_settlement,True,True,False,True,6.95,10.0,,True,-6152.96
1343,2023-10-02,2023-10-04,2,7.0,event_strong,True,True,False,True,6.95,10.0,,True,-6152.96
1343,2023-10-02,2023-10-04,2,7.0,event_strong_plausible,True,True,False,True,6.95,3,1696255200832920414,False,7847.04
1343,2023-10-02,2023-10-04,2,7.0,event_conservative,True,True,False,True,6.75,10.0,,True,-6552.96
1344,2023-10-02,2023-10-05,3,5.0,minute_touch_original_quote_terminal,True,True,False,True,4.999999999999983,10.0,,True,-10052.960000000034
1344,2023-10-02,2023-10-05,3,5.0,minute_touch_settlement,True,True,False,True,4.999999999999983,10.0,,True,-10052.960000000034
1344,2023-10-02,2023-10-05,3,5.0,persist_2_settlement,True,True,False,True,4.999999999999983,10.0,,True,-10052.960000000034
1344,2023-10-02,2023-10-05,3,5.0,persist_3_settlement,True,True,False,True,4.999999999999983,10.0,,True,-10052.960000000034
1344,2023-10-02,2023-10-05,3,5.0,event_strong,True,True,False,True,4.95,10.0,,True,-10152.96
1344,2023-10-02,2023-10-05,3,5.0,event_strong_plausible,True,True,False,True,4.95,3,1696253472575179741,False,3847.0400000000004
1344,2023-10-02,2023-10-05,3,5.0,event_conservative,True,True,False,True,4.75,10.0,,True,-10552.96
1345,2023-10-02,2023-10-05,3,6.0,minute_touch_original_quote_terminal,True,True,False,True,5.800000000000023,10.0,,True,-8452.959999999954
1345,2023-10-02,2023-10-05,3,6.0,minute_touch_settlement,True,True,False,True,5.800000000000023,10.0,,True,-8452.959999999954
1345,2023-10-02,2023-10-05,3,6.0,persist_2_settlement,True,True,False,True,5.800000000000023,10.0,,True,-8452.959999999954
1345,2023-10-02,2023-10-05,3,6.0,persist_3_settlement,True,True,False,True,5.800000000000023,10.0,,True,-8452.959999999954
1345,2023-10-02,2023-10-05,3,6.0,event_strong,True,True,False,True,5.95,10.0,,True,-8152.96
1345,2023-10-02,2023-10-05,3,6.0,event_strong_plausible,True,True,False,True,5.95,3,1696253696605696790,False,5847.04
1345,2023-10-02,2023-10-05,3,6.0,event_conservative,True,True,False,True,5.75,10.0,,True,-8552.96
1346,2023-10-02,2023-10-05,3,7.0,minute_touch_original_quote_terminal,True,True,False,True,6.900000000000046,1.6499999999999944,1696254300000000000,False,10447.040000000105
1346,2023-10-02,2023-10-05,3,7.0,minute_touch_settlement,True,True,False,True,6.900000000000046,1.6499999999999944,1696254300000000000,False,10447.040000000105
1346,2023-10-02,2023-10-05,3,7.0,persist_2_settlement,True,True,False,True,6.900000000000046,10.0,,True,-6252.959999999909
1346,2023-10-02,2023-10-05,3,7.0,persist_3_settlement,True,True,False,True,6.900000000000046,10.0,,True,-6252.959999999909
1346,2023-10-02,2023-10-05,3,7.0,event_strong,True,True,False,True,6.95,10.0,,True,-6152.96
1346,2023-10-02,2023-10-05,3,7.0,event_strong_plausible,True,True,False,True,6.95,3,1696254294713820471,False,7847.04
1346,2023-10-02,2023-10-05,3,7.0,event_conservative,True,True,False,True,6.75,10.0,,True,-6552.96
1377,2023-10-16,2023-10-18,2,5.0,minute_touch_original_quote_terminal,True,True,False,True,5.0000000000000115,2.9500000000000055,1697466180000000000,False,4047.040000000012
1377,2023-10-16,2023-10-18,2,5.0,minute_touch_settlement,True,True,False,True,5.0000000000000115,2.9500000000000055,1697466180000000000,False,4047.040000000012
1377,2023-10-16,2023-10-18,2,5.0,persist_2_settlement,True,True,False,True,5.0000000000000115,2.850000000000004,1697466540000000000,False,4247.0400000000145
1377,2023-10-16,2023-10-18,2,5.0,persist_3_settlement,True,True,False,True,5.0000000000000115,2.850000000000004,1697466600000000000,False,4247.0400000000145
1377,2023-10-16,2023-10-18,2,5.0,event_strong,True,True,False,True,4.95,3,1697559416901477260,False,3847.0400000000004
1377,2023-10-16,2023-10-18,2,5.0,event_strong_plausible,True,True,False,True,4.95,3,1697463060460144636,False,3847.0400000000004
1377,2023-10-16,2023-10-18,2,5.0,event_conservative,True,True,False,True,4.75,3,1697560982547435996,False,3447.04
1378,2023-10-16,2023-10-18,2,6.0,minute_touch_original_quote_terminal,True,True,False,True,6.2500000000000115,2.55,1697482800000000000,False,7347.040000000024
1378,2023-10-16,2023-10-18,2,6.0,minute_touch_settlement,True,True,False,True,6.2500000000000115,2.55,1697482800000000000,False,7347.040000000024
1378,2023-10-16,2023-10-18,2,6.0,persist_2_settlement,True,True,False,True,6.2500000000000115,10.0,,True,-7552.959999999977
1378,2023-10-16,2023-10-18,2,6.0,persist_3_settlement,True,True,False,True,6.2500000000000115,10.0,,True,-7552.959999999977
1378,2023-10-16,2023-10-18,2,6.0,event_strong,True,True,False,True,5.95,10.0,,True,-8152.96
1378,2023-10-16,2023-10-18,2,6.0,event_strong_plausible,True,True,False,True,5.95,3,1697463302306990471,False,5847.04
1378,2023-10-16,2023-10-18,2,6.0,event_conservative,True,True,False,True,5.75,10.0,,True,-8552.96
1379,2023-10-16,2023-10-18,2,7.0,minute_touch_original_quote_terminal,True,True,False,True,6.899999999999989,2.8,1697482800000000000,False,8147.039999999978
1379,2023-10-16,2023-10-18,2,7.0,minute_touch_settlement,True,True,False,True,6.899999999999989,2.8,1697482800000000000,False,8147.039999999978
1379,2023-10-16,2023-10-18,2,7.0,persist_2_settlement,True,True,False,True,6.899999999999989,10.0,,True,-6252.960000000023
1379,2023-10-16,2023-10-18,2,7.0,persist_3_settlement,True,True,False,True,6.899999999999989,10.0,,True,-6252.960000000023
1379,2023-10-16,2023-10-18,2,7.0,event_strong,True,True,False,True,6.95,10.0,,True,-6152.96
1379,2023-10-16,2023-10-18,2,7.0,event_strong_plausible,True,True,False,True,6.95,3,1697466320765024889,False,7847.04
1379,2023-10-16,2023-10-18,2,7.0,event_conservative,True,True,False,True,6.75,10.0,,True,-6552.96
1380,2023-10-16,2023-10-19,3,5.0,minute_touch_original_quote_terminal,True,True,False,True,4.95,2.4999999999999885,1697463900000000000,False,4847.040000000024
1380,2023-10-16,2023-10-19,3,5.0,minute_touch_settlement,True,True,False,True,4.95,2.4999999999999885,1697463900000000000,False,4847.040000000024
1380,2023-10-16,2023-10-19,3,5.0,persist_2_settlement,True,True,False,True,4.95,10.0,,True,-10152.96
1380,2023-10-16,2023-10-19,3,5.0,persist_3_settlement,True,True,False,True,4.95,10.0,,True,-10152.96
1380,2023-10-16,2023-10-19,3,5.0,event_strong,True,True,False,True,4.95,10.0,,True,-10152.96
1380,2023-10-16,2023-10-19,3,5.0,event_strong_plausible,True,True,False,True,4.95,3,1697463060920380000,False,3847.0400000000004
1380,2023-10-16,2023-10-19,3,5.0,event_conservative,True,True,False,True,4.75,10.0,,True,-10552.96
1381,2023-10-16,2023-10-19,3,6.0,minute_touch_original_quote_terminal,True,True,False,True,6.100000000000006,10.0,,True,-7852.959999999988
1381,2023-10-16,2023-10-19,3,6.0,minute_touch_settlement,True,True,False,True,6.100000000000006,10.0,,True,-7852.959999999988
1381,2023-10-16,2023-10-19,3,6.0,persist_2_settlement,True,True,False,True,6.100000000000006,10.0,,True,-7852.959999999988
1381,2023-10-16,2023-10-19,3,6.0,persist_3_settlement,True,True,False,True,6.100000000000006,10.0,,True,-7852.959999999988
1381,2023-10-16,2023-10-19,3,6.0,event_strong,True,True,False,True,5.95,10.0,,True,-8152.96
1381,2023-10-16,2023-10-19,3,6.0,event_strong_plausible,True,True,False,True,5.95,3,1697465964032572464,False,5847.04
1381,2023-10-16,2023-10-19,3,6.0,event_conservative,True,True,False,True,5.75,10.0,,True,-8552.96
1382,2023-10-16,2023-10-19,3,7.0,minute_touch_original_quote_terminal,True,True,False,True,6.899999999999989,10.0,,True,-6252.960000000023
1382,2023-10-16,2023-10-19,3,7.0,minute_touch_settlement,True,True,False,True,6.899999999999989,10.0,,True,-6252.960000000023
1382,2023-10-16,2023-10-19,3,7.0,persist_2_settlement,True,True,False,True,6.899999999999989,10.0,,True,-6252.960000000023
1382,2023-10-16,2023-10-19,3,7.0,persist_3_settlement,True,True,False,True,6.899999999999989,10.0,,True,-6252.960000000023
1382,2023-10-16,2023-10-19,3,7.0,event_strong,True,True,False,True,6.95,10.0,,True,-6152.96
1382,2023-10-16,2023-10-19,3,7.0,event_strong_plausible,True,True,False,True,6.95,3,1697466140532352126,False,7847.04
1382,2023-10-16,2023-10-19,3,7.0,event_conservative,True,True,False,True,6.75,10.0,,True,-6552.96
1413,2023-10-31,2023-11-02,2,5.0,minute_touch_original_quote_terminal,True,True,False,True,4.95,2.9499999999999984,1698846180000000000,False,3947.0400000000036
1413,2023-10-31,2023-11-02,2,5.0,minute_touch_settlement,True,True,False,True,4.95,2.9499999999999984,1698846180000000000,False,3947.0400000000036
1413,2023-10-31,2023-11-02,2,5.0,persist_2_settlement,True,True,False,True,4.95,2.850000000000004,1698846240000000000,False,4147.039999999992
1413,2023-10-31,2023-11-02,2,5.0,persist_3_settlement,True,True,False,True,4.95,2.7500000000000027,1698846540000000000,False,4347.039999999995
1413,2023-10-31,2023-11-02,2,5.0,event_strong,True,True,False,True,4.95,3,1698848620153688407,False,3847.0400000000004
1413,2023-10-31,2023-11-02,2,5.0,event_strong_plausible,True,True,False,True,4.95,3,1698759093104681807,False,3847.0400000000004
1413,2023-10-31,2023-11-02,2,5.0,event_conservative,True,True,False,True,4.75,3,1698848624118094298,False,3447.04
1414,2023-10-31,2023-11-02,2,6.0,minute_touch_original_quote_terminal,True,True,False,True,6.049999999999966,2.9999999999999885,1698864300000000000,False,6047.039999999955
1414,2023-10-31,2023-11-02,2,6.0,minute_touch_settlement,True,True,False,True,6.049999999999966,2.9999999999999885,1698864300000000000,False,6047.039999999955
1414,2023-10-31,2023-11-02,2,6.0,persist_2_settlement,True,True,False,True,6.049999999999966,2.850000000000011,1698864720000000000,False,6347.03999999991
1414,2023-10-31,2023-11-02,2,6.0,persist_3_settlement,True,True,False,True,6.049999999999966,2.2500000000000027,1698865440000000000,False,7547.039999999927
1414,2023-10-31,2023-11-02,2,6.0,event_strong,True,True,False,True,5.95,3,1698866291087233979,False,5847.04
1414,2023-10-31,2023-11-02,2,6.0,event_strong_plausible,True,True,False,True,5.95,3,1698845536834635654,False,5847.04
1414,2023-10-31,2023-11-02,2,6.0,event_conservative,True,True,False,True,5.75,3,1698866291260468901,False,5447.04
1415,2023-10-31,2023-11-02,2,7.0,minute_touch_original_quote_terminal,True,True,False,True,7.0000000000000115,1.1500000000000086,1698864780000000000,False,11647.040000000008
1415,2023-10-31,2023-11-02,2,7.0,minute_touch_settlement,True,True,False,True,7.0000000000000115,1.1500000000000086,1698864780000000000,False,11647.040000000008
1415,2023-10-31,2023-11-02,2,7.0,persist_2_settlement,True,True,False,True,7.0000000000000115,2.600000000000004,1698865320000000000,False,8747.040000000015
1415,2023-10-31,2023-11-02,2,7.0,persist_3_settlement,True,True,False,True,7.0000000000000115,2.3,1698865380000000000,False,9347.040000000025
1415,2023-10-31,2023-11-02,2,7.0,event_strong,True,True,False,True,6.95,3,1698865189182040698,False,7847.04
1415,2023-10-31,2023-11-02,2,7.0,event_strong_plausible,True,True,False,True,6.95,3,1698781796179020940,False,7847.04
1415,2023-10-31,2023-11-02,2,7.0,event_conservative,True,True,False,True,6.75,3,1698866694696202308,False,7447.04
1416,2023-10-31,2023-11-03,3,5.0,minute_touch_original_quote_terminal,True,True,False,True,4.95,2.8,1698848640000000000,False,4247.040000000001
1416,2023-10-31,2023-11-03,3,5.0,minute_touch_settlement,True,True,False,True,4.95,2.8,1698848640000000000,False,4247.040000000001
1416,2023-10-31,2023-11-03,3,5.0,persist_2_settlement,True,True,False,True,4.95,2.7499999999999956,1698848820000000000,False,4347.040000000009
1416,2023-10-31,2023-11-03,3,5.0,persist_3_settlement,True,True,False,True,4.95,2.8,1698848880000000000,False,4247.040000000001
1416,2023-10-31,2023-11-03,3,5.0,event_strong,True,True,False,True,4.95,3,1698865230943572742,False,3847.0400000000004
1416,2023-10-31,2023-11-03,3,5.0,event_strong_plausible,True,True,False,True,4.95,3,1698759098456678302,False,3847.0400000000004
1416,2023-10-31,2023-11-03,3,5.0,event_conservative,True,True,False,True,4.75,3,1698865606564239645,False,3447.04
1417,2023-10-31,2023-11-03,3,6.0,minute_touch_original_quote_terminal,True,True,False,True,5.95,2.0500000000000282,1698775320000000000,False,7747.039999999944
1417,2023-10-31,2023-11-03,3,6.0,minute_touch_settlement,True,True,False,True,5.95,2.0500000000000282,1698775320000000000,False,7747.039999999944
1417,2023-10-31,2023-11-03,3,6.0,persist_2_settlement,True,True,False,True,5.95,2.9499999999999984,1698865320000000000,False,5947.040000000004
1417,2023-10-31,2023-11-03,3,6.0,persist_3_settlement,True,True,False,True,5.95,2.599999999999997,1698865380000000000,False,6647.040000000006
1417,2023-10-31,2023-11-03,3,6.0,event_strong,True,True,False,True,5.95,3,1698866860605939840,False,5847.04
1417,2023-10-31,2023-11-03,3,6.0,event_strong_plausible,True,True,False,True,5.95,3,1698774170560165774,False,5847.04
1417,2023-10-31,2023-11-03,3,6.0,event_conservative,True,True,False,True,5.75,3,1698866860605939840,False,5447.04
1418,2023-10-31,2023-11-03,3,7.0,minute_touch_original_quote_terminal,True,True,False,True,6.999999999999955,2.649999999999994,1698864780000000000,False,8647.039999999923
1418,2023-10-31,2023-11-03,3,7.0,minute_touch_settlement,True,True,False,True,6.999999999999955,2.649999999999994,1698864780000000000,False,8647.039999999923
1418,2023-10-31,2023-11-03,3,7.0,persist_2_settlement,True,True,False,True,6.999999999999955,2.849999999999997,1698867300000000000,False,8247.039999999917
1418,2023-10-31,2023-11-03,3,7.0,persist_3_settlement,True,True,False,True,6.999999999999955,2.849999999999997,1698868080000000000,False,8247.039999999917
1418,2023-10-31,2023-11-03,3,7.0,event_strong,True,True,False,True,6.95,3,1698931817662009780,False,7847.04
1418,2023-10-31,2023-11-03,3,7.0,event_strong_plausible,True,True,False,True,6.95,3,1698759711250303867,False,7847.04
1418,2023-10-31,2023-11-03,3,7.0,event_conservative,True,True,False,True,6.75,3,1698931817752009751,False,7447.04
1419,2023-11-01,2023-11-03,2,5.0,minute_touch_original_quote_terminal,True,True,False,True,5.0000000000000115,2.899999999999994,1698856560000000000,False,4147.0400000000345
1419,2023-11-01,2023-11-03,2,5.0,minute_touch_settlement,True,True,False,True,5.0000000000000115,2.899999999999994,1698856560000000000,False,4147.0400000000345
1419,2023-11-01,2023-11-03,2,5.0,persist_2_settlement,True,True,False,True,5.0000000000000115,2.8,1698865380000000000,False,4347.040000000024
1419,2023-11-01,2023-11-03,2,5.0,persist_3_settlement,True,True,False,True,5.0000000000000115,2.9000000000000012,1698865440000000000,False,4147.040000000021
1419,2023-11-01,2023-11-03,2,5.0,event_strong,True,True,False,True,4.95,3,1698865843221620542,False,3847.0400000000004
1419,2023-11-01,2023-11-03,2,5.0,event_strong_plausible,True,True,False,True,4.95,3,1698845479719754875,False,3847.0400000000004
1419,2023-11-01,2023-11-03,2,5.0,event_conservative,True,True,False,True,4.75,3,1698931815422011677,False,3447.04
1420,2023-11-01,2023-11-03,2,6.0,minute_touch_original_quote_terminal,True,True,False,True,5.999999999999955,1.9000000000000228,1698933600000000000,False,8147.0399999998635
1420,2023-11-01,2023-11-03,2,6.0,minute_touch_settlement,True,True,False,True,5.999999999999955,1.9000000000000228,1698933600000000000,False,8147.0399999998635
1420,2023-11-01,2023-11-03,2,6.0,persist_2_settlement,True,True,False,True,5.999999999999955,10.0,,True,-8052.960000000091
1420,2023-11-01,2023-11-03,2,6.0,persist_3_settlement,True,True,False,True,5.999999999999955,10.0,,True,-8052.960000000091
1420,2023-11-01,2023-11-03,2,6.0,event_strong,True,True,False,True,5.95,10.0,,True,-8152.96
1420,2023-11-01,2023-11-03,2,6.0,event_strong_plausible,True,True,False,True,5.95,3,1698845482657890231,False,5847.04
1420,2023-11-01,2023-11-03,2,6.0,event_conservative,True,True,False,True,5.75,10.0,,True,-8552.96
1421,2023-11-01,2023-11-03,2,7.0,minute_touch_original_quote_terminal,True,True,False,True,6.850000000000034,1.8,1698931860000000000,False,10047.04000000007
1421,2023-11-01,2023-11-03,2,7.0,minute_touch_settlement,True,True,False,True,6.850000000000034,1.8,1698931860000000000,False,10047.04000000007
1421,2023-11-01,2023-11-03,2,7.0,persist_2_settlement,True,True,False,True,6.850000000000034,1.9000000000000015,1698931920000000000,False,9847.040000000066
1421,2023-11-01,2023-11-03,2,7.0,persist_3_settlement,True,True,False,True,6.850000000000034,1.9000000000000015,1698931980000000000,False,9847.040000000066
1421,2023-11-01,2023-11-03,2,7.0,event_strong,True,True,False,True,6.95,3,1698931975440217811,False,7847.04
1421,2023-11-01,2023-11-03,2,7.0,event_strong_plausible,True,True,False,True,6.95,3,1698846291932976570,False,7847.04
1421,2023-11-01,2023-11-03,2,7.0,event_conservative,True,True,False,True,6.75,3,1698932041438238056,False,7447.04
1449,2023-11-14,2023-11-16,2,5.0,minute_touch_original_quote_terminal,True,True,False,True,4.95,2.149999999999994,1699995600000000000,False,5547.040000000012
1449,2023-11-14,2023-11-16,2,5.0,minute_touch_settlement,True,True,False,True,4.95,2.149999999999994,1699995600000000000,False,5547.040000000012
1449,2023-11-14,2023-11-16,2,5.0,persist_2_settlement,True,True,False,True,4.95,2.649999999999994,1700058720000000000,False,4547.040000000012
1449,2023-11-14,2023-11-16,2,5.0,persist_3_settlement,True,True,False,True,4.95,2.7500000000000027,1700058780000000000,False,4347.039999999995
1449,2023-11-14,2023-11-16,2,5.0,event_strong,True,True,False,True,4.95,3,1700061932578330150,False,3847.0400000000004
1449,2023-11-14,2023-11-16,2,5.0,event_strong_plausible,True,True,False,True,4.95,3,1699972260228225471,False,3847.0400000000004
1449,2023-11-14,2023-11-16,2,5.0,event_conservative,True,True,False,True,4.75,3,1700063572567151560,False,3447.04
1450,2023-11-14,2023-11-16,2,6.0,minute_touch_original_quote_terminal,True,True,False,True,6.099999999999977,0.7499999999999958,1700059140000000000,False,10647.039999999964
1450,2023-11-14,2023-11-16,2,6.0,minute_touch_settlement,True,True,False,True,6.099999999999977,0.7499999999999958,1700059140000000000,False,10647.039999999964
1450,2023-11-14,2023-11-16,2,6.0,persist_2_settlement,True,True,False,True,6.099999999999977,6.829999999999927,,True,-1512.9599999998995
1450,2023-11-14,2023-11-16,2,6.0,persist_3_settlement,True,True,False,True,6.099999999999977,6.829999999999927,,True,-1512.9599999998995
1450,2023-11-14,2023-11-16,2,6.0,event_strong,True,True,False,True,5.95,6.829999999999927,,True,-1812.959999999854
1450,2023-11-14,2023-11-16,2,6.0,event_strong_plausible,True,True,False,True,5.95,3,1699972722829747198,False,5847.04
1450,2023-11-14,2023-11-16,2,6.0,event_conservative,True,True,False,True,5.75,6.829999999999927,,True,-2212.9599999998545
1451,2023-11-14,2023-11-16,2,7.0,minute_touch_original_quote_terminal,True,True,False,True,6.95,0.6000000000000043,1700059140000000000,False,12647.039999999994
1451,2023-11-14,2023-11-16,2,7.0,minute_touch_settlement,True,True,False,True,6.95,0.6000000000000043,1700059140000000000,False,12647.039999999994
1451,2023-11-14,2023-11-16,2,7.0,persist_2_settlement,True,True,False,True,6.95,10.0,,True,-6152.96
1451,2023-11-14,2023-11-16,2,7.0,persist_3_settlement,True,True,False,True,6.95,10.0,,True,-6152.96
1451,2023-11-14,2023-11-16,2,7.0,event_strong,True,True,False,True,6.95,10.0,,True,-6152.96
1451,2023-11-14,2023-11-16,2,7.0,event_strong_plausible,True,True,False,True,6.95,3,1699973586242160774,False,7847.04
1451,2023-11-14,2023-11-16,2,7.0,event_conservative,True,True,False,True,6.75,10.0,,True,-6552.96
1479,2023-11-29,2023-12-01,2,5.0,minute_touch_original_quote_terminal,True,True,False,True,5.150000000000003,9.649999999999995,,True,-9052.959999999983
1479,2023-11-29,2023-12-01,2,5.0,minute_touch_settlement,True,True,False,True,5.150000000000003,10.0,,True,-9752.959999999994
1479,2023-11-29,2023-12-01,2,5.0,persist_2_settlement,True,True,False,True,5.150000000000003,10.0,,True,-9752.959999999994
1479,2023-11-29,2023-12-01,2,5.0,persist_3_settlement,True,True,False,True,5.150000000000003,10.0,,True,-9752.959999999994
1479,2023-11-29,2023-12-01,2,5.0,event_strong,True,True,False,True,4.95,10.0,,True,-10152.96
1479,2023-11-29,2023-12-01,2,5.0,event_strong_plausible,True,True,False,True,4.95,3,1701268265806069362,False,3847.0400000000004
1479,2023-11-29,2023-12-01,2,5.0,event_conservative,True,True,False,True,4.75,10.0,,True,-10552.96
1480,2023-11-29,2023-12-01,2,6.0,minute_touch_original_quote_terminal,True,True,False,True,5.95,10.0,,True,-8152.96
1480,2023-11-29,2023-12-01,2,6.0,minute_touch_settlement,True,True,False,True,5.95,10.0,,True,-8152.96
1480,2023-11-29,2023-12-01,2,6.0,persist_2_settlement,True,True,False,True,5.95,10.0,,True,-8152.96
1480,2023-11-29,2023-12-01,2,6.0,persist_3_settlement,True,True,False,True,5.95,10.0,,True,-8152.96
1480,2023-11-29,2023-12-01,2,6.0,event_strong,True,True,False,True,5.95,10.0,,True,-8152.96
1480,2023-11-29,2023-12-01,2,6.0,event_strong_plausible,True,True,False,True,5.95,3,1701268403601562061,False,5847.04
1480,2023-11-29,2023-12-01,2,6.0,event_conservative,True,True,False,True,5.75,10.0,,True,-8552.96
1481,2023-11-29,2023-12-01,2,7.0,minute_touch_original_quote_terminal,True,True,False,True,7.0000000000000115,10.0,,True,-6052.959999999977
1481,2023-11-29,2023-12-01,2,7.0,minute_touch_settlement,True,True,False,True,7.0000000000000115,10.0,,True,-6052.959999999977
1481,2023-11-29,2023-12-01,2,7.0,persist_2_settlement,True,True,False,True,7.0000000000000115,10.0,,True,-6052.959999999977
1481,2023-11-29,2023-12-01,2,7.0,persist_3_settlement,True,True,False,True,7.0000000000000115,10.0,,True,-6052.959999999977
1481,2023-11-29,2023-12-01,2,7.0,event_strong,True,True,False,True,6.95,10.0,,True,-6152.96
1481,2023-11-29,2023-12-01,2,7.0,event_strong_plausible,True,True,False,True,6.95,3,1701355559388872991,False,7847.04
1481,2023-11-29,2023-12-01,2,7.0,event_conservative,True,True,False,True,6.75,10.0,,True,-6552.96
1482,2023-12-01,2023-12-04,3,5.0,minute_touch_original_quote_terminal,True,True,False,True,4.849999999999992,0.3999999999999943,1701441900000000000,False,8847.039999999995
1482,2023-12-01,2023-12-04,3,5.0,minute_touch_settlement,True,True,False,True,4.849999999999992,0.3999999999999943,1701441900000000000,False,8847.039999999995
1482,2023-12-01,2023-12-04,3,5.0,persist_2_settlement,True,True,False,True,4.849999999999992,2.800000000000007,1701450720000000000,False,4047.039999999969
1482,2023-12-01,2023-12-04,3,5.0,persist_3_settlement,True,True,False,True,4.849999999999992,2.9499999999999984,1701451740000000000,False,3747.0399999999863
1482,2023-12-01,2023-12-04,3,5.0,event_strong,True,True,False,True,4.95,3,1701452604184176005,False,3847.0400000000004
1482,2023-12-01,2023-12-04,3,5.0,event_strong_plausible,True,True,False,True,4.95,3,1701441081060521193,False,3847.0400000000004
1482,2023-12-01,2023-12-04,3,5.0,event_conservative,True,True,False,True,4.75,3,1701452991951379198,False,3447.04
1483,2023-12-01,2023-12-04,3,6.0,minute_touch_original_quote_terminal,True,True,False,True,6.0000000000000115,2.55,1701449520000000000,False,6847.040000000024
1483,2023-12-01,2023-12-04,3,6.0,minute_touch_settlement,True,True,False,True,6.0000000000000115,2.55,1701449520000000000,False,6847.040000000024
1483,2023-12-01,2023-12-04,3,6.0,persist_2_settlement,True,True,False,True,6.0000000000000115,10.0,,True,-8052.959999999977
1483,2023-12-01,2023-12-04,3,6.0,persist_3_settlement,True,True,False,True,6.0000000000000115,10.0,,True,-8052.959999999977
1483,2023-12-01,2023-12-04,3,6.0,event_strong,True,True,False,True,5.95,10.0,,True,-8152.96
1483,2023-12-01,2023-12-04,3,6.0,event_strong_plausible,True,True,False,True,5.95,3,1701441067745750423,False,5847.04
1483,2023-12-01,2023-12-04,3,6.0,event_conservative,True,True,False,True,5.75,10.0,,True,-8552.96
1484,2023-12-01,2023-12-04,3,7.0,minute_touch_original_quote_terminal,True,True,False,True,6.95,10.0,,True,-6152.96
1484,2023-12-01,2023-12-04,3,7.0,minute_touch_settlement,True,True,False,True,6.95,10.0,,True,-6152.96
1484,2023-12-01,2023-12-04,3,7.0,persist_2_settlement,True,True,False,True,6.95,10.0,,True,-6152.96
1484,2023-12-01,2023-12-04,3,7.0,persist_3_settlement,True,True,False,True,6.95,10.0,,True,-6152.96
1484,2023-12-01,2023-12-04,3,7.0,event_strong,True,True,False,True,6.95,10.0,,True,-6152.96
1484,2023-12-01,2023-12-04,3,7.0,event_strong_plausible,True,True,False,True,6.95,3,1701441913618153118,False,7847.04
1484,2023-12-01,2023-12-04,3,7.0,event_conservative,True,True,False,True,6.75,10.0,,True,-6552.96
1509,2023-12-12,2023-12-14,2,5.0,minute_touch_original_quote_terminal,True,True,False,True,4.949999999999986,2.9999999999999885,1702393680000000000,False,3847.039999999995
1509,2023-12-12,2023-12-14,2,5.0,minute_touch_settlement,True,True,False,True,4.949999999999986,2.9999999999999885,1702393680000000000,False,3847.039999999995
1509,2023-12-12,2023-12-14,2,5.0,persist_2_settlement,True,True,False,True,4.949999999999986,2.9500000000000055,1702412700000000000,False,3947.039999999961
1509,2023-12-12,2023-12-14,2,5.0,persist_3_settlement,True,True,False,True,4.949999999999986,2.9499999999999984,1702412760000000000,False,3947.039999999975
1509,2023-12-12,2023-12-14,2,5.0,event_strong,True,True,False,True,4.95,3,1702477917244319320,False,3847.0400000000004
1509,2023-12-12,2023-12-14,2,5.0,event_strong_plausible,True,True,False,True,4.95,3,1702391470241078881,False,3847.0400000000004
1509,2023-12-12,2023-12-14,2,5.0,event_conservative,True,True,False,True,4.75,3,1702477993122007244,False,3447.04
1510,2023-12-12,2023-12-14,2,6.0,minute_touch_original_quote_terminal,True,True,False,True,5.7999999999999945,2.2000000000000055,1702408140000000000,False,7147.039999999978
1510,2023-12-12,2023-12-14,2,6.0,minute_touch_settlement,True,True,False,True,5.7999999999999945,2.2000000000000055,1702408140000000000,False,7147.039999999978
1510,2023-12-12,2023-12-14,2,6.0,persist_2_settlement,True,True,False,True,5.7999999999999945,2.9000000000000012,1702415040000000000,False,5747.039999999986
1510,2023-12-12,2023-12-14,2,6.0,persist_3_settlement,True,True,False,True,5.7999999999999945,2.850000000000004,1702415100000000000,False,5847.039999999981
1510,2023-12-12,2023-12-14,2,6.0,event_strong,True,True,False,True,5.95,3,1702478174335549067,False,5847.04
1510,2023-12-12,2023-12-14,2,6.0,event_strong_plausible,True,True,False,True,5.95,3,1702391461473899385,False,5847.04
1510,2023-12-12,2023-12-14,2,6.0,event_conservative,True,True,False,True,5.75,3,1702478203938054520,False,5447.04
1511,2023-12-12,2023-12-14,2,7.0,minute_touch_original_quote_terminal,True,True,False,True,6.900000000000017,2.9499999999999984,1702494300000000000,False,7847.040000000037
1511,2023-12-12,2023-12-14,2,7.0,minute_touch_settlement,True,True,False,True,6.900000000000017,2.9499999999999984,1702494300000000000,False,7847.040000000037
1511,2023-12-12,2023-12-14,2,7.0,persist_2_settlement,True,True,False,True,6.900000000000017,2.600000000000004,1702494360000000000,False,8547.040000000026
1511,2023-12-12,2023-12-14,2,7.0,persist_3_settlement,True,True,False,True,6.900000000000017,2.9499999999999984,1702494420000000000,False,7847.040000000037
1511,2023-12-12,2023-12-14,2,7.0,event_strong,True,True,False,True,6.95,3,1702496169256172827,False,7847.04
1511,2023-12-12,2023-12-14,2,7.0,event_strong_plausible,True,True,False,True,6.95,3,1702412660034902872,False,7847.04
1511,2023-12-12,2023-12-14,2,7.0,event_conservative,True,True,False,True,6.75,3,1702496436432499938,False,7447.04
1536,2023-12-27,2023-12-29,2,5.0,minute_touch_original_quote_terminal,True,True,False,True,4.95,1.6999999999999915,1703689200000000000,False,6447.040000000018
1536,2023-12-27,2023-12-29,2,5.0,minute_touch_settlement,True,True,False,True,4.95,1.6999999999999915,1703689200000000000,False,6447.040000000018
1536,2023-12-27,2023-12-29,2,5.0,persist_2_settlement,True,True,False,True,4.95,10.0,,True,-10152.96
1536,2023-12-27,2023-12-29,2,5.0,persist_3_settlement,True,True,False,True,4.95,10.0,,True,-10152.96
1536,2023-12-27,2023-12-29,2,5.0,event_strong,True,True,False,True,4.95,10.0,,True,-10152.96
1536,2023-12-27,2023-12-29,2,5.0,event_strong_plausible,True,True,False,True,4.95,3,1703687501618400908,False,3847.0400000000004
1536,2023-12-27,2023-12-29,2,5.0,event_conservative,True,True,False,True,4.75,10.0,,True,-10552.96
1537,2023-12-27,2023-12-29,2,6.0,minute_touch_original_quote_terminal,True,True,False,True,5.7999999999999945,10.0,,True,-8452.96000000001
1537,2023-12-27,2023-12-29,2,6.0,minute_touch_settlement,True,True,False,True,5.7999999999999945,10.0,,True,-8452.96000000001
1537,2023-12-27,2023-12-29,2,6.0,persist_2_settlement,True,True,False,True,5.7999999999999945,10.0,,True,-8452.96000000001
1537,2023-12-27,2023-12-29,2,6.0,persist_3_settlement,True,True,False,True,5.7999999999999945,10.0,,True,-8452.96000000001
1537,2023-12-27,2023-12-29,2,6.0,event_strong,True,True,False,True,5.95,10.0,,True,-8152.96
1537,2023-12-27,2023-12-29,2,6.0,event_strong_plausible,True,True,False,True,5.95,3,1703687655445594389,False,5847.04
1537,2023-12-27,2023-12-29,2,6.0,event_conservative,True,True,False,True,5.75,10.0,,True,-8552.96
1538,2023-12-27,2023-12-29,2,7.0,minute_touch_original_quote_terminal,True,True,False,True,7.0000000000000115,10.0,,True,-6052.959999999977
1538,2023-12-27,2023-12-29,2,7.0,minute_touch_settlement,True,True,False,True,7.0000000000000115,10.0,,True,-6052.959999999977
1538,2023-12-27,2023-12-29,2,7.0,persist_2_settlement,True,True,False,True,7.0000000000000115,10.0,,True,-6052.959999999977
1538,2023-12-27,2023-12-29,2,7.0,persist_3_settlement,True,True,False,True,7.0000000000000115,10.0,,True,-6052.959999999977
1538,2023-12-27,2023-12-29,2,7.0,event_strong,True,True,False,True,6.95,10.0,,True,-6152.96
1538,2023-12-27,2023-12-29,2,7.0,event_strong_plausible,True,True,False,True,6.95,3,1703786508325679002,False,7847.04
1538,2023-12-27,2023-12-29,2,7.0,event_conservative,True,True,False,True,6.75,10.0,,True,-6552.96
1539,2024-01-02,2024-01-04,2,5.0,minute_touch_original_quote_terminal,True,True,False,True,4.650000000000003,0.05,1704402000000000000,False,9147.040000000008
1539,2024-01-02,2024-01-04,2,5.0,minute_touch_settlement,True,True,False,True,4.650000000000003,0.05,1704402000000000000,False,9147.040000000008
1539,2024-01-02,2024-01-04,2,5.0,persist_2_settlement,True,True,False,True,4.650000000000003,10.0,,True,-10752.959999999994
1539,2024-01-02,2024-01-04,2,5.0,persist_3_settlement,True,True,False,True,4.650000000000003,10.0,,True,-10752.959999999994
1539,2024-01-02,2024-01-04,2,5.0,event_strong,True,True,False,True,4.95,10.0,,True,-10152.96
1539,2024-01-02,2024-01-04,2,5.0,event_strong_plausible,True,True,False,True,4.95,3,1704205907742606620,False,3847.0400000000004
1539,2024-01-02,2024-01-04,2,5.0,event_conservative,True,True,False,True,4.75,10.0,,True,-10552.96
1540,2024-01-02,2024-01-04,2,6.0,minute_touch_original_quote_terminal,True,True,False,True,5.95,10.0,,True,-8152.96
1540,2024-01-02,2024-01-04,2,6.0,minute_touch_settlement,True,True,False,True,5.95,10.0,,True,-8152.96
1540,2024-01-02,2024-01-04,2,6.0,persist_2_settlement,True,True,False,True,5.95,10.0,,True,-8152.96
1540,2024-01-02,2024-01-04,2,6.0,persist_3_settlement,True,True,False,True,5.95,10.0,,True,-8152.96
1540,2024-01-02,2024-01-04,2,6.0,event_strong,True,True,False,True,5.95,10.0,,True,-8152.96
1540,2024-01-02,2024-01-04,2,6.0,event_strong_plausible,True,True,False,True,5.95,3,1704379499851070772,False,5847.04
1540,2024-01-02,2024-01-04,2,6.0,event_conservative,True,True,False,True,5.75,10.0,,True,-8552.96
1541,2024-01-02,2024-01-04,2,7.0,minute_touch_original_quote_terminal,True,True,False,True,6.95,9.650000000000023,,True,-5452.960000000046
1541,2024-01-02,2024-01-04,2,7.0,minute_touch_settlement,True,True,False,True,6.95,10.0,,True,-6152.96
1541,2024-01-02,2024-01-04,2,7.0,persist_2_settlement,True,True,False,True,6.95,10.0,,True,-6152.96
1541,2024-01-02,2024-01-04,2,7.0,persist_3_settlement,True,True,False,True,6.95,10.0,,True,-6152.96
1541,2024-01-02,2024-01-04,2,7.0,event_strong,True,True,False,True,6.95,10.0,,True,-6152.96
1541,2024-01-02,2024-01-04,2,7.0,event_strong_plausible,True,True,False,True,6.95,3,1704206711117287918,False,7847.04
1541,2024-01-02,2024-01-04,2,7.0,event_conservative,True,True,False,True,6.75,10.0,,True,-6552.96
1542,2024-01-02,2024-01-05,3,5.0,minute_touch_original_quote_terminal,True,True,False,True,4.95,10.0,,True,-10152.96
1542,2024-01-02,2024-01-05,3,5.0,minute_touch_settlement,True,True,False,True,4.95,10.0,,True,-10152.96
1542,2024-01-02,2024-01-05,3,5.0,persist_2_settlement,True,True,False,True,4.95,10.0,,True,-10152.96
1542,2024-01-02,2024-01-05,3,5.0,persist_3_settlement,True,True,False,True,4.95,10.0,,True,-10152.96
1542,2024-01-02,2024-01-05,3,5.0,event_strong,True,True,False,True,4.95,10.0,,True,-10152.96
1542,2024-01-02,2024-01-05,3,5.0,event_strong_plausible,True,True,False,True,4.95,3,1704205926033037365,False,3847.0400000000004
1542,2024-01-02,2024-01-05,3,5.0,event_conservative,True,True,False,True,4.75,10.0,,True,-10552.96
1543,2024-01-02,2024-01-05,3,6.0,minute_touch_original_quote_terminal,True,True,False,True,5.7,10.0,,True,-8652.96
1543,2024-01-02,2024-01-05,3,6.0,minute_touch_settlement,True,True,False,True,5.7,10.0,,True,-8652.96
1543,2024-01-02,2024-01-05,3,6.0,persist_2_settlement,True,True,False,True,5.7,10.0,,True,-8652.96
1543,2024-01-02,2024-01-05,3,6.0,persist_3_settlement,True,True,False,True,5.7,10.0,,True,-8652.96
1543,2024-01-02,2024-01-05,3,6.0,event_strong,True,True,False,True,5.95,10.0,,True,-8152.96
1543,2024-01-02,2024-01-05,3,6.0,event_strong_plausible,True,True,False,True,5.95,3,1704205907702315774,False,5847.04
1543,2024-01-02,2024-01-05,3,6.0,event_conservative,True,True,False,True,5.75,10.0,,True,-8552.96
1544,2024-01-02,2024-01-05,3,7.0,minute_touch_original_quote_terminal,True,True,False,True,6.7999999999999945,1.9499999999999773,1704379500000000000,False,9647.040000000035
1544,2024-01-02,2024-01-05,3,7.0,minute_touch_settlement,True,True,False,True,6.7999999999999945,1.9499999999999773,1704379500000000000,False,9647.040000000035
1544,2024-01-02,2024-01-05,3,7.0,persist_2_settlement,True,True,False,True,6.7999999999999945,10.0,,True,-6452.960000000011
1544,2024-01-02,2024-01-05,3,7.0,persist_3_settlement,True,True,False,True,6.7999999999999945,10.0,,True,-6452.960000000011
1544,2024-01-02,2024-01-05,3,7.0,event_strong,True,True,False,True,6.95,10.0,,True,-6152.96
1544,2024-01-02,2024-01-05,3,7.0,event_strong_plausible,True,True,False,True,6.95,3,1704206714572708691,False,7847.04
1544,2024-01-02,2024-01-05,3,7.0,event_conservative,True,True,False,True,6.75,10.0,,True,-6552.96
1569,2024-01-19,2024-01-22,3,5.0,minute_touch_original_quote_terminal,True,True,False,True,4.95,2.9999999999999956,1705683720000000000,False,3847.040000000009
1569,2024-01-19,2024-01-22,3,5.0,minute_touch_settlement,True,True,False,True,4.95,2.9999999999999956,1705683720000000000,False,3847.040000000009
1569,2024-01-19,2024-01-22,3,5.0,persist_2_settlement,True,True,False,True,4.95,2.9499999999999913,1705685100000000000,False,3947.0400000000177
1569,2024-01-19,2024-01-22,3,5.0,persist_3_settlement,True,True,False,True,4.95,2.9499999999999984,1705685160000000000,False,3947.0400000000036
1569,2024-01-19,2024-01-22,3,5.0,event_strong,True,True,False,True,4.95,3,1705685255431125197,False,3847.0400000000004
1569,2024-01-19,2024-01-22,3,5.0,event_strong_plausible,True,True,False,True,4.95,3,1705674671529382732,False,3847.0400000000004
1569,2024-01-19,2024-01-22,3,5.0,event_conservative,True,True,False,True,4.75,3,1705685512656606970,False,3447.04
1570,2024-01-19,2024-01-22,3,6.0,minute_touch_original_quote_terminal,True,True,False,True,6.0499999999999945,2.5000000000000027,1705680420000000000,False,7047.039999999984
1570,2024-01-19,2024-01-22,3,6.0,minute_touch_settlement,True,True,False,True,6.0499999999999945,2.5000000000000027,1705680420000000000,False,7047.039999999984
1570,2024-01-19,2024-01-22,3,6.0,persist_2_settlement,True,True,False,True,6.0499999999999945,2.899999999999994,1705686960000000000,False,6247.040000000001
1570,2024-01-19,2024-01-22,3,6.0,persist_3_settlement,True,True,False,True,6.0499999999999945,2.9000000000000012,1705687020000000000,False,6247.039999999986
1570,2024-01-19,2024-01-22,3,6.0,event_strong,True,True,False,True,5.95,3,1705687971999440117,False,5847.04
1570,2024-01-19,2024-01-22,3,6.0,event_strong_plausible,True,True,False,True,5.95,3,1705674822641021022,False,5847.04
1570,2024-01-19,2024-01-22,3,6.0,event_conservative,True,True,False,True,5.75,3,1705688212554923825,False,5447.04
1571,2024-01-19,2024-01-22,3,7.0,minute_touch_original_quote_terminal,True,True,False,True,6.7,2.9499999999999984,1705689240000000000,False,7447.040000000004
1571,2024-01-19,2024-01-22,3,7.0,minute_touch_settlement,True,True,False,True,6.7,2.9499999999999984,1705689240000000000,False,7447.040000000004
1571,2024-01-19,2024-01-22,3,7.0,persist_2_settlement,True,True,False,True,6.7,2.9499999999999984,1705689540000000000,False,7447.040000000004
1571,2024-01-19,2024-01-22,3,7.0,persist_3_settlement,True,True,False,True,6.7,2.8,1705689600000000000,False,7747.040000000001
1571,2024-01-19,2024-01-22,3,7.0,event_strong,True,True,False,True,6.95,3,1705690252397268504,False,7847.04
1571,2024-01-19,2024-01-22,3,7.0,event_strong_plausible,True,True,False,True,6.95,3,1705674974734227554,False,7847.04
1571,2024-01-19,2024-01-22,3,7.0,event_conservative,True,True,False,True,6.75,3,1705691156936836490,False,7447.04
1602,2024-01-31,2024-02-02,2,5.0,minute_touch_original_quote_terminal,True,True,False,True,4.7999999999999945,2.599999999999997,1706821680000000000,False,4347.039999999995
1602,2024-01-31,2024-02-02,2,5.0,minute_touch_settlement,True,True,False,True,4.7999999999999945,2.599999999999997,1706821680000000000,False,4347.039999999995
1602,2024-01-31,2024-02-02,2,5.0,persist_2_settlement,True,True,False,True,4.7999999999999945,2.55,1706821740000000000,False,4447.039999999989
1602,2024-01-31,2024-02-02,2,5.0,persist_3_settlement,True,True,False,True,4.7999999999999945,2.600000000000004,1706821800000000000,False,4347.039999999981
1602,2024-01-31,2024-02-02,2,5.0,event_strong,True,True,False,True,4.95,3,1706884249513803407,False,3847.0400000000004
1602,2024-01-31,2024-02-02,2,5.0,event_strong_plausible,True,True,False,True,4.95,3,1706711466934453027,False,3847.0400000000004
1602,2024-01-31,2024-02-02,2,5.0,event_conservative,True,True,False,True,4.75,3,1706884463466797730,False,3447.04
1603,2024-01-31,2024-02-02,2,6.0,minute_touch_original_quote_terminal,True,True,False,True,5.899999999999989,2.999999999999999,1706884680000000000,False,5747.039999999979
1603,2024-01-31,2024-02-02,2,6.0,minute_touch_settlement,True,True,False,True,5.899999999999989,2.999999999999999,1706884680000000000,False,5747.039999999979
1603,2024-01-31,2024-02-02,2,6.0,persist_2_settlement,True,True,False,True,5.899999999999989,2.9000000000000012,1706884740000000000,False,5947.039999999975
1603,2024-01-31,2024-02-02,2,6.0,persist_3_settlement,True,True,False,True,5.899999999999989,2.7999999999999963,1706884800000000000,False,6147.039999999985
1603,2024-01-31,2024-02-02,2,6.0,event_strong,True,True,False,True,5.95,3,1706885113335994669,False,5847.04
1603,2024-01-31,2024-02-02,2,6.0,event_strong_plausible,True,True,False,True,5.95,3,1706711652762405283,False,5847.04
1603,2024-01-31,2024-02-02,2,6.0,event_conservative,True,True,False,True,5.75,3,1706885113561594742,False,5447.04
1604,2024-01-31,2024-02-02,2,7.0,minute_touch_original_quote_terminal,True,True,False,True,6.950000000000057,2.8,1706894940000000000,False,8247.040000000115
1604,2024-01-31,2024-02-02,2,7.0,minute_touch_settlement,True,True,False,True,6.950000000000057,2.8,1706894940000000000,False,8247.040000000115
1604,2024-01-31,2024-02-02,2,7.0,persist_2_settlement,True,True,False,True,6.950000000000057,2.45,1706895000000000000,False,8947.040000000114
1604,2024-01-31,2024-02-02,2,7.0,persist_3_settlement,True,True,False,True,6.950000000000057,2.45,1706895060000000000,False,8947.040000000114
1604,2024-01-31,2024-02-02,2,7.0,event_strong,True,True,False,True,6.95,3,1706894904096760785,False,7847.04
1604,2024-01-31,2024-02-02,2,7.0,event_strong_plausible,True,True,False,True,6.95,3,1706712112248769332,False,7847.04
1604,2024-01-31,2024-02-02,2,7.0,event_conservative,True,True,False,True,6.75,3,1706900294135792335,False,7447.04
1605,2024-02-02,2024-02-05,3,5.0,minute_touch_original_quote_terminal,True,True,False,True,4.900000000000017,2.899999999999994,1706888460000000000,False,3947.0400000000463
1605,2024-02-02,2024-02-05,3,5.0,minute_touch_settlement,True,True,False,True,4.900000000000017,2.899999999999994,1706888460000000000,False,3947.0400000000463
1605,2024-02-02,2024-02-05,3,5.0,persist_2_settlement,True,True,False,True,4.900000000000017,2.899999999999994,1706888520000000000,False,3947.0400000000463
1605,2024-02-02,2024-02-05,3,5.0,persist_3_settlement,True,True,False,True,4.900000000000017,2.7500000000000027,1706888580000000000,False,4247.040000000029
1605,2024-02-02,2024-02-05,3,5.0,event_strong,True,True,False,True,4.95,3,1706888462806820701,False,3847.0400000000004
1605,2024-02-02,2024-02-05,3,5.0,event_strong_plausible,True,True,False,True,4.95,3,1706884264849254891,False,3847.0400000000004
1605,2024-02-02,2024-02-05,3,5.0,event_conservative,True,True,False,True,4.75,3,1706891770805113713,False,3447.04
1606,2024-02-02,2024-02-05,3,6.0,minute_touch_original_quote_terminal,True,True,False,True,6.0499999999999945,1.4999999999999887,1706885220000000000,False,9047.040000000014
1606,2024-02-02,2024-02-05,3,6.0,minute_touch_settlement,True,True,False,True,6.0499999999999945,1.4999999999999887,1706885220000000000,False,9047.040000000014
1606,2024-02-02,2024-02-05,3,6.0,persist_2_settlement,True,True,False,True,6.0499999999999945,2.8,1706891460000000000,False,6447.039999999989
1606,2024-02-02,2024-02-05,3,6.0,persist_3_settlement,True,True,False,True,6.0499999999999945,2.7999999999999927,1706891520000000000,False,6447.040000000004
1606,2024-02-02,2024-02-05,3,6.0,event_strong,True,True,False,True,5.95,3,1706892778712146311,False,5847.04
1606,2024-02-02,2024-02-05,3,6.0,event_strong_plausible,True,True,False,True,5.95,3,1706884336656560062,False,5847.04
1606,2024-02-02,2024-02-05,3,6.0,event_conservative,True,True,False,True,5.75,3,1706894889490031443,False,5447.04
1607,2024-02-02,2024-02-05,3,7.0,minute_touch_original_quote_terminal,True,True,False,True,6.95,2.9000000000000012,1706895000000000000,False,8047.039999999998
1607,2024-02-02,2024-02-05,3,7.0,minute_touch_settlement,True,True,False,True,6.95,2.9000000000000012,1706895000000000000,False,8047.039999999998
1607,2024-02-02,2024-02-05,3,7.0,persist_2_settlement,True,True,False,True,6.95,2.849999999999997,1706895060000000000,False,8147.040000000007
1607,2024-02-02,2024-02-05,3,7.0,persist_3_settlement,True,True,False,True,6.95,2.849999999999997,1706895120000000000,False,8147.040000000007
1607,2024-02-02,2024-02-05,3,7.0,event_strong,True,True,False,True,6.95,3,1706902500816397420,False,7847.04
1607,2024-02-02,2024-02-05,3,7.0,event_strong_plausible,True,True,False,True,6.95,3,1706884815082732254,False,7847.04
1607,2024-02-02,2024-02-05,3,7.0,event_conservative,True,True,False,True,6.75,3,1706907129305373928,False,7447.04
1632,2024-02-13,2024-02-15,2,5.0,minute_touch_original_quote_terminal,True,True,False,True,5.050000000000009,2.9500000000000055,1707838260000000000,False,4147.040000000006
1632,2024-02-13,2024-02-15,2,5.0,minute_touch_settlement,True,True,False,True,5.050000000000009,2.9500000000000055,1707838260000000000,False,4147.040000000006
1632,2024-02-13,2024-02-15,2,5.0,persist_2_settlement,True,True,False,True,5.050000000000009,2.850000000000004,1707838740000000000,False,4347.040000000009
1632,2024-02-13,2024-02-15,2,5.0,persist_3_settlement,True,True,False,True,5.050000000000009,2.649999999999994,1707838800000000000,False,4747.040000000029
1632,2024-02-13,2024-02-15,2,5.0,event_strong,True,True,False,True,4.95,3,1707839258407639286,False,3847.0400000000004
1632,2024-02-13,2024-02-15,2,5.0,event_strong_plausible,True,True,False,True,4.95,3,1707834663501244972,False,3847.0400000000004
1632,2024-02-13,2024-02-15,2,5.0,event_conservative,True,True,False,True,4.75,3,1707839258407639286,False,3447.04
1633,2024-02-13,2024-02-15,2,6.0,minute_touch_original_quote_terminal,True,True,False,True,5.95,2.9999999999999956,1707921240000000000,False,5847.040000000009
1633,2024-02-13,2024-02-15,2,6.0,minute_touch_settlement,True,True,False,True,5.95,2.9999999999999956,1707921240000000000,False,5847.040000000009
1633,2024-02-13,2024-02-15,2,6.0,persist_2_settlement,True,True,False,True,5.95,2.7500000000000027,1707923280000000000,False,6347.039999999995
1633,2024-02-13,2024-02-15,2,6.0,persist_3_settlement,True,True,False,True,5.95,2.850000000000004,1707923340000000000,False,6147.039999999992
1633,2024-02-13,2024-02-15,2,6.0,event_strong,True,True,False,True,5.95,3,1707924472610459962,False,5847.04
1633,2024-02-13,2024-02-15,2,6.0,event_strong_plausible,True,True,False,True,5.95,3,1707834842962248448,False,5847.04
1633,2024-02-13,2024-02-15,2,6.0,event_conservative,True,True,False,True,5.75,3,1707942308958991979,False,5447.04
1634,2024-02-13,2024-02-15,2,7.0,minute_touch_original_quote_terminal,True,True,False,True,6.7,10.0,,True,-6652.96
1634,2024-02-13,2024-02-15,2,7.0,minute_touch_settlement,True,True,False,True,6.7,10.0,,True,-6652.96
1634,2024-02-13,2024-02-15,2,7.0,persist_2_settlement,True,True,False,True,6.7,10.0,,True,-6652.96
1634,2024-02-13,2024-02-15,2,7.0,persist_3_settlement,True,True,False,True,6.7,10.0,,True,-6652.96
1634,2024-02-13,2024-02-15,2,7.0,event_strong,True,True,False,True,6.95,10.0,,True,-6152.96
1634,2024-02-13,2024-02-15,2,7.0,event_strong_plausible,True,True,False,True,6.95,3,1707834976163138855,False,7847.04
1634,2024-02-13,2024-02-15,2,7.0,event_conservative,True,True,False,True,6.75,10.0,,True,-6552.96
1659,2024-02-28,2024-03-01,2,5.0,minute_touch_original_quote_terminal,True,True,False,True,4.999999999999997,2.9499999999999984,1709217060000000000,False,4047.039999999998
1659,2024-02-28,2024-03-01,2,5.0,minute_touch_settlement,True,True,False,True,4.999999999999997,2.9499999999999984,1709217060000000000,False,4047.039999999998
1659,2024-02-28,2024-03-01,2,5.0,persist_2_settlement,True,True,False,True,4.999999999999997,2.55,1709217360000000000,False,4847.039999999995
1659,2024-02-28,2024-03-01,2,5.0,persist_3_settlement,True,True,False,True,4.999999999999997,2.850000000000004,1709217420000000000,False,4247.039999999986
1659,2024-02-28,2024-03-01,2,5.0,event_strong,True,True,False,True,4.95,3,1709217927259524309,False,3847.0400000000004
1659,2024-02-28,2024-03-01,2,5.0,event_strong_plausible,True,True,False,True,4.95,3,1709130660312629820,False,3847.0400000000004
1659,2024-02-28,2024-03-01,2,5.0,event_conservative,True,True,False,True,4.75,3,1709218080463795241,False,3447.04
1660,2024-02-28,2024-03-01,2,6.0,minute_touch_original_quote_terminal,True,True,False,True,5.95,2.9999999999999956,1709303700000000000,False,5847.040000000009
1660,2024-02-28,2024-03-01,2,6.0,minute_touch_settlement,True,True,False,True,5.95,2.9999999999999956,1709303700000000000,False,5847.040000000009
1660,2024-02-28,2024-03-01,2,6.0,persist_2_settlement,True,True,False,True,5.95,2.3999999999999977,1709305320000000000,False,7047.0400000000045
1660,2024-02-28,2024-03-01,2,6.0,persist_3_settlement,True,True,False,True,5.95,2.8999999999999977,1709305380000000000,False,6047.0400000000045
1660,2024-02-28,2024-03-01,2,6.0,event_strong,True,True,False,True,5.95,3,1709305459016868013,False,5847.04
1660,2024-02-28,2024-03-01,2,6.0,event_strong_plausible,True,True,False,True,5.95,3,1709131014110279879,False,5847.04
1660,2024-02-28,2024-03-01,2,6.0,event_conservative,True,True,False,True,5.75,3,1709305695171086471,False,5447.04
1661,2024-02-28,2024-03-01,2,7.0,minute_touch_original_quote_terminal,True,True,False,True,6.95,2.1500000000000012,1709304360000000000,False,9547.039999999999
1661,2024-02-28,2024-03-01,2,7.0,minute_touch_settlement,True,True,False,True,6.95,2.1500000000000012,1709304360000000000,False,9547.039999999999
1661,2024-02-28,2024-03-01,2,7.0,persist_2_settlement,True,True,False,True,6.95,2.9000000000000012,1709306100000000000,False,8047.039999999998
1661,2024-02-28,2024-03-01,2,7.0,persist_3_settlement,True,True,False,True,6.95,2.8,1709306160000000000,False,8247.04
1661,2024-02-28,2024-03-01,2,7.0,event_strong,True,True,False,True,6.95,3,1709306012040753744,False,7847.04
1661,2024-02-28,2024-03-01,2,7.0,event_strong_plausible,True,True,False,True,6.95,3,1709135242209412541,False,7847.04
1661,2024-02-28,2024-03-01,2,7.0,event_conservative,True,True,False,True,6.75,3,1709308550779148734,False,7447.04
1662,2024-03-01,2024-03-04,3,5.0,minute_touch_original_quote_terminal,True,True,False,True,4.95,2.9999999999999956,1709309100000000000,False,3847.040000000009
1662,2024-03-01,2024-03-04,3,5.0,minute_touch_settlement,True,True,False,True,4.95,2.9999999999999956,1709309100000000000,False,3847.040000000009
1662,2024-03-01,2024-03-04,3,5.0,persist_2_settlement,True,True,False,True,4.95,2.9999999999999956,1709309160000000000,False,3847.040000000009
1662,2024-03-01,2024-03-04,3,5.0,persist_3_settlement,True,True,False,True,4.95,2.849999999999997,1709309220000000000,False,4147.040000000006
1662,2024-03-01,2024-03-04,3,5.0,event_strong,True,True,False,True,4.95,3,1709310050644031048,False,3847.0400000000004
1662,2024-03-01,2024-03-04,3,5.0,event_strong_plausible,True,True,False,True,4.95,3,1709303460348097433,False,3847.0400000000004
1662,2024-03-01,2024-03-04,3,5.0,event_conservative,True,True,False,True,4.75,3,1709310631268634465,False,3447.04
1663,2024-03-01,2024-03-04,3,6.0,minute_touch_original_quote_terminal,True,True,False,True,5.950000000000014,2.9499999999999984,1709313300000000000,False,5947.040000000032
1663,2024-03-01,2024-03-04,3,6.0,minute_touch_settlement,True,True,False,True,5.950000000000014,2.9499999999999984,1709313300000000000,False,5947.040000000032
1663,2024-03-01,2024-03-04,3,6.0,persist_2_settlement,True,True,False,True,5.950000000000014,2.850000000000011,1709313360000000000,False,6147.040000000006
1663,2024-03-01,2024-03-04,3,6.0,persist_3_settlement,True,True,False,True,5.950000000000014,2.849999999999997,1709313420000000000,False,6147.0400000000345
1663,2024-03-01,2024-03-04,3,6.0,event_strong,True,True,False,True,5.95,3,1709313360494031851,False,5847.04
1663,2024-03-01,2024-03-04,3,6.0,event_strong_plausible,True,True,False,True,5.95,3,1709303506752467074,False,5847.04
1663,2024-03-01,2024-03-04,3,6.0,event_conservative,True,True,False,True,5.75,3,1709314076664260993,False,5447.04
1664,2024-03-01,2024-03-04,3,7.0,minute_touch_original_quote_terminal,True,True,False,True,7.0000000000000115,2.9499999999999913,1709316480000000000,False,8047.040000000041
1664,2024-03-01,2024-03-04,3,7.0,minute_touch_settlement,True,True,False,True,7.0000000000000115,2.9499999999999913,1709316480000000000,False,8047.040000000041
1664,2024-03-01,2024-03-04,3,7.0,persist_2_settlement,True,True,False,True,7.0000000000000115,2.9000000000000012,1709316540000000000,False,8147.04000000002
1664,2024-03-01,2024-03-04,3,7.0,persist_3_settlement,True,True,False,True,7.0000000000000115,2.849999999999997,1709316600000000000,False,8247.04000000003
1664,2024-03-01,2024-03-04,3,7.0,event_strong,True,True,False,True,6.95,3,1709317544672691561,False,7847.04
1664,2024-03-01,2024-03-04,3,7.0,event_strong_plausible,True,True,False,True,6.95,3,1709303559777555404,False,7847.04
1664,2024-03-01,2024-03-04,3,7.0,event_conservative,True,True,False,True,6.75,3,1709318379350859300,False,7447.04
1689,2024-03-12,2024-03-14,2,5.0,minute_touch_original_quote_terminal,True,True,False,True,4.900000000000046,10.0,,True,-10252.959999999908
1689,2024-03-12,2024-03-14,2,5.0,minute_touch_settlement,True,True,False,True,4.900000000000046,10.0,,True,-10252.959999999908
1689,2024-03-12,2024-03-14,2,5.0,persist_2_settlement,True,True,False,True,4.900000000000046,10.0,,True,-10252.959999999908
1689,2024-03-12,2024-03-14,2,5.0,persist_3_settlement,True,True,False,True,4.900000000000046,10.0,,True,-10252.959999999908
1689,2024-03-12,2024-03-14,2,5.0,event_strong,True,True,False,True,4.95,10.0,,True,-10152.96
1689,2024-03-12,2024-03-14,2,5.0,event_strong_plausible,True,True,False,True,4.95,3,1710252010521838798,False,3847.0400000000004
1689,2024-03-12,2024-03-14,2,5.0,event_conservative,True,True,False,True,4.75,10.0,,True,-10552.96
1690,2024-03-12,2024-03-14,2,6.0,minute_touch_original_quote_terminal,True,True,False,True,5.95,10.0,,True,-8152.96
1690,2024-03-12,2024-03-14,2,6.0,minute_touch_settlement,True,True,False,True,5.95,10.0,,True,-8152.96
1690,2024-03-12,2024-03-14,2,6.0,persist_2_settlement,True,True,False,True,5.95,10.0,,True,-8152.96
1690,2024-03-12,2024-03-14,2,6.0,persist_3_settlement,True,True,False,True,5.95,10.0,,True,-8152.96
1690,2024-03-12,2024-03-14,2,6.0,event_strong,True,True,False,True,5.95,10.0,,True,-8152.96
1690,2024-03-12,2024-03-14,2,6.0,event_strong_plausible,True,True,False,True,5.95,3,1710251747710708028,False,5847.04
1690,2024-03-12,2024-03-14,2,6.0,event_conservative,True,True,False,True,5.75,10.0,,True,-8552.96
1691,2024-03-12,2024-03-14,2,7.0,minute_touch_original_quote_terminal,True,True,False,True,6.899999999999989,10.0,,True,-6252.960000000023
1691,2024-03-12,2024-03-14,2,7.0,minute_touch_settlement,True,True,False,True,6.899999999999989,10.0,,True,-6252.960000000023
1691,2024-03-12,2024-03-14,2,7.0,persist_2_settlement,True,True,False,True,6.899999999999989,10.0,,True,-6252.960000000023
1691,2024-03-12,2024-03-14,2,7.0,persist_3_settlement,True,True,False,True,6.899999999999989,10.0,,True,-6252.960000000023
1691,2024-03-12,2024-03-14,2,7.0,event_strong,True,True,False,True,6.95,10.0,,True,-6152.96
1691,2024-03-12,2024-03-14,2,7.0,event_strong_plausible,True,True,False,True,6.95,3,1710253851483033239,False,7847.04
1691,2024-03-12,2024-03-14,2,7.0,event_conservative,True,True,False,True,6.75,10.0,,True,-6552.96
1719,2024-03-26,2024-03-28,2,5.0,minute_touch_original_quote_terminal,True,True,False,True,5.100000000000006,2.599999999999997,1711461600000000000,False,4947.040000000018
1719,2024-03-26,2024-03-28,2,5.0,minute_touch_settlement,True,True,False,True,5.100000000000006,2.599999999999997,1711461600000000000,False,4947.040000000018
1719,2024-03-26,2024-03-28,2,5.0,persist_2_settlement,True,True,False,True,5.100000000000006,10.0,,True,-9852.959999999988
1719,2024-03-26,2024-03-28,2,5.0,persist_3_settlement,True,True,False,True,5.100000000000006,10.0,,True,-9852.959999999988
1719,2024-03-26,2024-03-28,2,5.0,event_strong,True,True,False,True,4.95,10.0,,True,-10152.96
1719,2024-03-26,2024-03-28,2,5.0,event_strong_plausible,True,True,False,True,4.95,3,1711459864862558657,False,3847.0400000000004
1719,2024-03-26,2024-03-28,2,5.0,event_conservative,True,True,False,True,4.75,10.0,,True,-10552.96
1720,2024-03-26,2024-03-28,2,6.0,minute_touch_original_quote_terminal,True,True,False,True,5.95,10.0,,True,-8152.96
1720,2024-03-26,2024-03-28,2,6.0,minute_touch_settlement,True,True,False,True,5.95,10.0,,True,-8152.96
1720,2024-03-26,2024-03-28,2,6.0,persist_2_settlement,True,True,False,True,5.95,10.0,,True,-8152.96
1720,2024-03-26,2024-03-28,2,6.0,persist_3_settlement,True,True,False,True,5.95,10.0,,True,-8152.96
1720,2024-03-26,2024-03-28,2,6.0,event_strong,True,True,False,True,5.95,10.0,,True,-8152.96
1720,2024-03-26,2024-03-28,2,6.0,event_strong_plausible,True,True,False,True,5.95,3,1711461805878021793,False,5847.04
1720,2024-03-26,2024-03-28,2,6.0,event_conservative,True,True,False,True,5.75,10.0,,True,-8552.96
1721,2024-03-26,2024-03-28,2,7.0,minute_touch_original_quote_terminal,True,True,False,True,6.95,9.8,,True,-5752.960000000001
1721,2024-03-26,2024-03-28,2,7.0,minute_touch_settlement,True,True,False,True,6.95,10.0,,True,-6152.96
1721,2024-03-26,2024-03-28,2,7.0,persist_2_settlement,True,True,False,True,6.95,10.0,,True,-6152.96
1721,2024-03-26,2024-03-28,2,7.0,persist_3_settlement,True,True,False,True,6.95,10.0,,True,-6152.96
1721,2024-03-26,2024-03-28,2,7.0,event_strong,True,True,False,True,6.95,10.0,,True,-6152.96
1721,2024-03-26,2024-03-28,2,7.0,event_strong_plausible,True,True,False,True,6.95,3,1711482601087029820,False,7847.04
1721,2024-03-26,2024-03-28,2,7.0,event_conservative,True,True,False,True,6.75,10.0,,True,-6552.96
1722,2024-04-01,2024-04-03,2,5.0,minute_touch_original_quote_terminal,True,True,False,True,4.950000000000014,10.0,,True,-10152.95999999997
1722,2024-04-01,2024-04-03,2,5.0,minute_touch_settlement,True,True,False,True,4.950000000000014,10.0,,True,-10152.95999999997
1722,2024-04-01,2024-04-03,2,5.0,persist_2_settlement,True,True,False,True,4.950000000000014,10.0,,True,-10152.95999999997
1722,2024-04-01,2024-04-03,2,5.0,persist_3_settlement,True,True,False,True,4.950000000000014,10.0,,True,-10152.95999999997
1722,2024-04-01,2024-04-03,2,5.0,event_strong,True,True,False,True,4.95,10.0,,True,-10152.96
1722,2024-04-01,2024-04-03,2,5.0,event_strong_plausible,True,True,False,True,4.95,3,1711978290153561349,False,3847.0400000000004
1722,2024-04-01,2024-04-03,2,5.0,event_conservative,True,True,False,True,4.75,10.0,,True,-10552.96
1723,2024-04-01,2024-04-03,2,6.0,minute_touch_original_quote_terminal,True,True,False,True,5.600000000000006,2.9999999999999956,1711979160000000000,False,5147.040000000021
1723,2024-04-01,2024-04-03,2,6.0,minute_touch_settlement,True,True,False,True,5.600000000000006,2.9999999999999956,1711979160000000000,False,5147.040000000021
1723,2024-04-01,2024-04-03,2,6.0,persist_2_settlement,True,True,False,True,5.600000000000006,10.0,,True,-8852.959999999988
1723,2024-04-01,2024-04-03,2,6.0,persist_3_settlement,True,True,False,True,5.600000000000006,10.0,,True,-8852.959999999988
1723,2024-04-01,2024-04-03,2,6.0,event_strong,True,True,False,True,5.95,10.0,,True,-8152.96
1723,2024-04-01,2024-04-03,2,6.0,event_strong_plausible,True,True,False,True,5.95,3,1711978275153252596,False,5847.04
1723,2024-04-01,2024-04-03,2,6.0,event_conservative,True,True,False,True,5.75,10.0,,True,-8552.96
1724,2024-04-01,2024-04-03,2,7.0,minute_touch_original_quote_terminal,True,True,False,True,7.049999999999966,9.850000000000012,,True,-5652.960000000092
1724,2024-04-01,2024-04-03,2,7.0,minute_touch_settlement,True,True,False,True,7.049999999999966,10.0,,True,-5952.960000000068
1724,2024-04-01,2024-04-03,2,7.0,persist_2_settlement,True,True,False,True,7.049999999999966,10.0,,True,-5952.960000000068
1724,2024-04-01,2024-04-03,2,7.0,persist_3_settlement,True,True,False,True,7.049999999999966,10.0,,True,-5952.960000000068
1724,2024-04-01,2024-04-03,2,7.0,event_strong,True,True,False,True,6.95,10.0,,True,-6152.96
1724,2024-04-01,2024-04-03,2,7.0,event_strong_plausible,True,True,False,True,6.95,3,1711978530364825689,False,7847.04
1724,2024-04-01,2024-04-03,2,7.0,event_conservative,True,True,False,True,6.75,10.0,,True,-6552.96
1725,2024-04-01,2024-04-04,3,5.0,minute_touch_original_quote_terminal,True,True,False,True,5.050000000000009,2.9999999999999973,1712248860000000000,False,4047.0400000000227
1725,2024-04-01,2024-04-04,3,5.0,minute_touch_settlement,True,True,False,True,5.050000000000009,2.9999999999999973,1712248860000000000,False,4047.0400000000227
1725,2024-04-01,2024-04-04,3,5.0,persist_2_settlement,True,True,False,True,5.050000000000009,2.999999999999999,1712249280000000000,False,4047.040000000019
1725,2024-04-01,2024-04-04,3,5.0,persist_3_settlement,True,True,False,True,5.050000000000009,2.7,1712249580000000000,False,4647.040000000017
1725,2024-04-01,2024-04-04,3,5.0,event_strong,True,True,False,True,4.95,10.0,,True,-10152.96
1725,2024-04-01,2024-04-04,3,5.0,event_strong_plausible,True,True,False,True,4.95,3,1711978290195681518,False,3847.0400000000004
1725,2024-04-01,2024-04-04,3,5.0,event_conservative,True,True,False,True,4.75,10.0,,True,-10552.96
1726,2024-04-01,2024-04-04,3,6.0,minute_touch_original_quote_terminal,True,True,False,True,5.949999999999972,0.14999999999996588,1712259300000000000,False,11547.040000000014
1726,2024-04-01,2024-04-04,3,6.0,minute_touch_settlement,True,True,False,True,5.949999999999972,0.14999999999996588,1712259300000000000,False,11547.040000000014
1726,2024-04-01,2024-04-04,3,6.0,persist_2_settlement,True,True,False,True,5.949999999999972,10.0,,True,-8152.960000000056
1726,2024-04-01,2024-04-04,3,6.0,persist_3_settlement,True,True,False,True,5.949999999999972,10.0,,True,-8152.960000000056
1726,2024-04-01,2024-04-04,3,6.0,event_strong,True,True,False,True,5.95,10.0,,True,-8152.96
1726,2024-04-01,2024-04-04,3,6.0,event_strong_plausible,True,True,False,True,5.95,3,1711978369377217325,False,5847.04
1726,2024-04-01,2024-04-04,3,6.0,event_conservative,True,True,False,True,5.75,10.0,,True,-8552.96
1727,2024-04-01,2024-04-04,3,7.0,minute_touch_original_quote_terminal,True,True,False,True,7.150000000000017,10.0,,True,-5752.9599999999655
1727,2024-04-01,2024-04-04,3,7.0,minute_touch_settlement,True,True,False,True,7.150000000000017,10.0,,True,-5752.9599999999655
1727,2024-04-01,2024-04-04,3,7.0,persist_2_settlement,True,True,False,True,7.150000000000017,10.0,,True,-5752.9599999999655
1727,2024-04-01,2024-04-04,3,7.0,persist_3_settlement,True,True,False,True,7.150000000000017,10.0,,True,-5752.9599999999655
1727,2024-04-01,2024-04-04,3,7.0,event_strong,True,True,False,True,6.95,10.0,,True,-6152.96
1727,2024-04-01,2024-04-04,3,7.0,event_strong_plausible,True,True,False,True,6.95,3,1711978705901530220,False,7847.04
1727,2024-04-01,2024-04-04,3,7.0,event_conservative,True,True,False,True,6.75,10.0,,True,-6552.96
1758,2024-04-15,2024-04-17,2,5.0,minute_touch_original_quote_terminal,True,True,False,True,4.95,10.0,,True,-10152.96
1758,2024-04-15,2024-04-17,2,5.0,minute_touch_settlement,True,True,False,True,4.95,10.0,,True,-10152.96
1758,2024-04-15,2024-04-17,2,5.0,persist_2_settlement,True,True,False,True,4.95,10.0,,True,-10152.96
1758,2024-04-15,2024-04-17,2,5.0,persist_3_settlement,True,True,False,True,4.95,10.0,,True,-10152.96
1758,2024-04-15,2024-04-17,2,5.0,event_strong,True,True,False,True,4.95,10.0,,True,-10152.96
1758,2024-04-15,2024-04-17,2,5.0,event_strong_plausible,True,True,False,True,4.95,3,1713187863161129566,False,3847.0400000000004
1758,2024-04-15,2024-04-17,2,5.0,event_conservative,True,True,False,True,4.75,10.0,,True,-10552.96
1759,2024-04-15,2024-04-17,2,6.0,minute_touch_original_quote_terminal,True,True,False,True,6.099999999999977,0.09999999999995453,1713288720000000000,False,11947.040000000046
1759,2024-04-15,2024-04-17,2,6.0,minute_touch_settlement,True,True,False,True,6.099999999999977,0.09999999999995453,1713288720000000000,False,11947.040000000046
1759,2024-04-15,2024-04-17,2,6.0,persist_2_settlement,True,True,False,True,6.099999999999977,10.0,,True,-7852.9600000000455
1759,2024-04-15,2024-04-17,2,6.0,persist_3_settlement,True,True,False,True,6.099999999999977,10.0,,True,-7852.9600000000455
1759,2024-04-15,2024-04-17,2,6.0,event_strong,True,True,False,True,5.95,10.0,,True,-8152.96
1759,2024-04-15,2024-04-17,2,6.0,event_strong_plausible,True,True,False,True,5.95,3,1713190201060102416,False,5847.04
1759,2024-04-15,2024-04-17,2,6.0,event_conservative,True,True,False,True,5.75,10.0,,True,-8552.96
1760,2024-04-15,2024-04-17,2,7.0,minute_touch_original_quote_terminal,True,True,False,True,6.900000000000017,10.0,,True,-6252.9599999999655
1760,2024-04-15,2024-04-17,2,7.0,minute_touch_settlement,True,True,False,True,6.900000000000017,10.0,,True,-6252.9599999999655
1760,2024-04-15,2024-04-17,2,7.0,persist_2_settlement,True,True,False,True,6.900000000000017,10.0,,True,-6252.9599999999655
1760,2024-04-15,2024-04-17,2,7.0,persist_3_settlement,True,True,False,True,6.900000000000017,10.0,,True,-6252.9599999999655
1760,2024-04-15,2024-04-17,2,7.0,event_strong,True,True,False,True,6.95,10.0,,True,-6152.96
1760,2024-04-15,2024-04-17,2,7.0,event_strong_plausible,True,True,False,True,6.95,3,1713188003592465719,False,7847.04
1760,2024-04-15,2024-04-17,2,7.0,event_conservative,True,True,False,True,6.75,10.0,,True,-6552.96
1761,2024-04-15,2024-04-18,3,5.0,minute_touch_original_quote_terminal,True,True,False,True,4.95,2.649999999999994,1713188400000000000,False,4547.040000000012
1761,2024-04-15,2024-04-18,3,5.0,minute_touch_settlement,True,True,False,True,4.95,2.649999999999994,1713188400000000000,False,4547.040000000012
1761,2024-04-15,2024-04-18,3,5.0,persist_2_settlement,True,True,False,True,4.95,10.0,,True,-10152.96
1761,2024-04-15,2024-04-18,3,5.0,persist_3_settlement,True,True,False,True,4.95,10.0,,True,-10152.96
1761,2024-04-15,2024-04-18,3,5.0,event_strong,True,True,False,True,4.95,10.0,,True,-10152.96
1761,2024-04-15,2024-04-18,3,5.0,event_strong_plausible,True,True,False,True,4.95,3,1713187868093052810,False,3847.0400000000004
1761,2024-04-15,2024-04-18,3,5.0,event_conservative,True,True,False,True,4.75,10.0,,True,-10552.96
1762,2024-04-15,2024-04-18,3,6.0,minute_touch_original_quote_terminal,True,True,False,True,5.95,2.8,1713470160000000000,False,6247.040000000001
1762,2024-04-15,2024-04-18,3,6.0,minute_touch_settlement,True,True,False,True,5.95,2.8,1713470160000000000,False,6247.040000000001
1762,2024-04-15,2024-04-18,3,6.0,persist_2_settlement,True,True,False,True,5.95,10.0,,True,-8152.96
1762,2024-04-15,2024-04-18,3,6.0,persist_3_settlement,True,True,False,True,5.95,10.0,,True,-8152.96
1762,2024-04-15,2024-04-18,3,6.0,event_strong,True,True,False,True,5.95,10.0,,True,-8152.96
1762,2024-04-15,2024-04-18,3,6.0,event_strong_plausible,True,True,False,True,5.95,3,1713188003958819658,False,5847.04
1762,2024-04-15,2024-04-18,3,6.0,event_conservative,True,True,False,True,5.75,10.0,,True,-8552.96
1763,2024-04-15,2024-04-18,3,7.0,minute_touch_original_quote_terminal,True,True,False,True,6.849999999999977,2.0000000000000453,1713469260000000000,False,9647.039999999864
1763,2024-04-15,2024-04-18,3,7.0,minute_touch_settlement,True,True,False,True,6.849999999999977,2.0000000000000453,1713469260000000000,False,9647.039999999864
1763,2024-04-15,2024-04-18,3,7.0,persist_2_settlement,True,True,False,True,6.849999999999977,2.0000000000000453,1713469320000000000,False,9647.039999999864
1763,2024-04-15,2024-04-18,3,7.0,persist_3_settlement,True,True,False,True,6.849999999999977,10.0,,True,-6352.9600000000455
1763,2024-04-15,2024-04-18,3,7.0,event_strong,True,True,False,True,6.95,10.0,,True,-6152.96
1763,2024-04-15,2024-04-18,3,7.0,event_strong_plausible,True,True,False,True,6.95,3,1713188088101902769,False,7847.04
1763,2024-04-15,2024-04-18,3,7.0,event_conservative,True,True,False,True,6.75,10.0,,True,-6552.96
1794,2024-04-30,2024-05-02,2,5.0,minute_touch_original_quote_terminal,True,True,False,True,4.900000000000017,1.849999999999983,1714484160000000000,False,6047.040000000069
1794,2024-04-30,2024-05-02,2,5.0,minute_touch_settlement,True,True,False,True,4.900000000000017,1.849999999999983,1714484160000000000,False,6047.040000000069
1794,2024-04-30,2024-05-02,2,5.0,persist_2_settlement,True,True,False,True,4.900000000000017,10.0,,True,-10252.959999999965
1794,2024-04-30,2024-05-02,2,5.0,persist_3_settlement,True,True,False,True,4.900000000000017,10.0,,True,-10252.959999999965
1794,2024-04-30,2024-05-02,2,5.0,event_strong,True,True,False,True,4.95,10.0,,True,-10152.96
1794,2024-04-30,2024-05-02,2,5.0,event_strong_plausible,True,True,False,True,4.95,3,1714483860281201457,False,3847.0400000000004
1794,2024-04-30,2024-05-02,2,5.0,event_conservative,True,True,False,True,4.75,10.0,,True,-10552.96
1795,2024-04-30,2024-05-02,2,6.0,minute_touch_original_quote_terminal,True,True,False,True,5.950000000000029,2.55,1714484520000000000,False,6747.040000000057
1795,2024-04-30,2024-05-02,2,6.0,minute_touch_settlement,True,True,False,True,5.950000000000029,2.55,1714484520000000000,False,6747.040000000057
1795,2024-04-30,2024-05-02,2,6.0,persist_2_settlement,True,True,False,True,5.950000000000029,10.0,,True,-8152.959999999943
1795,2024-04-30,2024-05-02,2,6.0,persist_3_settlement,True,True,False,True,5.950000000000029,10.0,,True,-8152.959999999943
1795,2024-04-30,2024-05-02,2,6.0,event_strong,True,True,False,True,5.95,10.0,,True,-8152.96
1795,2024-04-30,2024-05-02,2,6.0,event_strong_plausible,True,True,False,True,5.95,3,1714484519208058676,False,5847.04
1795,2024-04-30,2024-05-02,2,6.0,event_conservative,True,True,False,True,5.75,10.0,,True,-8552.96
1796,2024-04-30,2024-05-02,2,7.0,minute_touch_original_quote_terminal,True,True,False,True,6.949999999999972,1.1500000000000228,1714484520000000000,False,11547.039999999899
1796,2024-04-30,2024-05-02,2,7.0,minute_touch_settlement,True,True,False,True,6.949999999999972,1.1500000000000228,1714484520000000000,False,11547.039999999899
1796,2024-04-30,2024-05-02,2,7.0,persist_2_settlement,True,True,False,True,6.949999999999972,10.0,,True,-6152.960000000056
1796,2024-04-30,2024-05-02,2,7.0,persist_3_settlement,True,True,False,True,6.949999999999972,10.0,,True,-6152.960000000056
1796,2024-04-30,2024-05-02,2,7.0,event_strong,True,True,False,True,6.95,10.0,,True,-6152.96
1796,2024-04-30,2024-05-02,2,7.0,event_strong_plausible,True,True,False,True,6.95,3,1714484518763554347,False,7847.04
1796,2024-04-30,2024-05-02,2,7.0,event_conservative,True,True,False,True,6.75,10.0,,True,-6552.96
1797,2024-04-30,2024-05-03,3,5.0,minute_touch_original_quote_terminal,True,True,False,True,4.95,2.550000000000007,1714743060000000000,False,4747.039999999986
1797,2024-04-30,2024-05-03,3,5.0,minute_touch_settlement,True,True,False,True,4.95,2.550000000000007,1714743060000000000,False,4747.039999999986
1797,2024-04-30,2024-05-03,3,5.0,persist_2_settlement,True,True,False,True,4.95,2.9999999999999956,1714743120000000000,False,3847.040000000009
1797,2024-04-30,2024-05-03,3,5.0,persist_3_settlement,True,True,False,True,4.95,1.8000000000000036,1714743780000000000,False,6247.039999999994
1797,2024-04-30,2024-05-03,3,5.0,event_strong,True,True,False,True,4.95,3,1714743915150011864,False,3847.0400000000004
1797,2024-04-30,2024-05-03,3,5.0,event_strong_plausible,True,True,False,True,4.95,3,1714483880870635670,False,3847.0400000000004
1797,2024-04-30,2024-05-03,3,5.0,event_conservative,True,True,False,True,4.75,3,1714743987971098269,False,3447.04
1798,2024-04-30,2024-05-03,3,6.0,minute_touch_original_quote_terminal,True,True,False,True,5.7999999999999945,2.7500000000000027,1714743960000000000,False,6047.039999999984
1798,2024-04-30,2024-05-03,3,6.0,minute_touch_settlement,True,True,False,True,5.7999999999999945,2.7500000000000027,1714743960000000000,False,6047.039999999984
1798,2024-04-30,2024-05-03,3,6.0,persist_2_settlement,True,True,False,True,5.7999999999999945,2.7499999999999956,1714744020000000000,False,6047.039999999998
1798,2024-04-30,2024-05-03,3,6.0,persist_3_settlement,True,True,False,True,5.7999999999999945,2.849999999999997,1714744080000000000,False,5847.039999999995
1798,2024-04-30,2024-05-03,3,6.0,event_strong,True,True,False,True,5.95,3,1714744377497006807,False,5847.04
1798,2024-04-30,2024-05-03,3,6.0,event_strong_plausible,True,True,False,True,5.95,3,1714483865928190083,False,5847.04
1798,2024-04-30,2024-05-03,3,6.0,event_conservative,True,True,False,True,5.75,3,1714744756105352735,False,5447.04
1799,2024-04-30,2024-05-03,3,7.0,minute_touch_original_quote_terminal,True,True,False,True,6.850000000000034,1.55,1714485600000000000,False,10547.04000000007
1799,2024-04-30,2024-05-03,3,7.0,minute_touch_settlement,True,True,False,True,6.850000000000034,1.55,1714485600000000000,False,10547.04000000007
1799,2024-04-30,2024-05-03,3,7.0,persist_2_settlement,True,True,False,True,6.850000000000034,10.0,,True,-6352.959999999932
1799,2024-04-30,2024-05-03,3,7.0,persist_3_settlement,True,True,False,True,6.850000000000034,10.0,,True,-6352.959999999932
1799,2024-04-30,2024-05-03,3,7.0,event_strong,True,True,False,True,6.95,10.0,,True,-6152.96
1799,2024-04-30,2024-05-03,3,7.0,event_strong_plausible,True,True,False,True,6.95,3,1714484518837374146,False,7847.04
1799,2024-04-30,2024-05-03,3,7.0,event_conservative,True,True,False,True,6.75,10.0,,True,-6552.96
1800,2024-05-01,2024-05-03,2,5.0,minute_touch_original_quote_terminal,True,True,False,True,5.0499999999999945,2.9999999999999885,1714588800000000000,False,4047.040000000012
1800,2024-05-01,2024-05-03,2,5.0,minute_touch_settlement,True,True,False,True,5.0499999999999945,2.9999999999999885,1714588800000000000,False,4047.040000000012
1800,2024-05-01,2024-05-03,2,5.0,persist_2_settlement,True,True,False,True,5.0499999999999945,2.4500000000000055,1714589400000000000,False,5147.039999999978
1800,2024-05-01,2024-05-03,2,5.0,persist_3_settlement,True,True,False,True,5.0499999999999945,2.6500000000000012,1714589460000000000,False,4747.039999999986
1800,2024-05-01,2024-05-03,2,5.0,event_strong,True,True,False,True,4.95,3,1714743016745619421,False,3847.0400000000004
1800,2024-05-01,2024-05-03,2,5.0,event_strong_plausible,True,True,False,True,4.95,3,1714570262089154128,False,3847.0400000000004
1800,2024-05-01,2024-05-03,2,5.0,event_conservative,True,True,False,True,4.75,3,1714743016745619421,False,3447.04
1801,2024-05-01,2024-05-03,2,6.0,minute_touch_original_quote_terminal,True,True,False,True,5.900000000000017,2.4500000000000055,1714572000000000000,False,6847.040000000024
1801,2024-05-01,2024-05-03,2,6.0,minute_touch_settlement,True,True,False,True,5.900000000000017,2.4500000000000055,1714572000000000000,False,6847.040000000024
1801,2024-05-01,2024-05-03,2,6.0,persist_2_settlement,True,True,False,True,5.900000000000017,2.8,1714590120000000000,False,6147.0400000000345
1801,2024-05-01,2024-05-03,2,6.0,persist_3_settlement,True,True,False,True,5.900000000000017,0.3249999999999999,1714743180000000000,False,11097.040000000035
1801,2024-05-01,2024-05-03,2,6.0,event_strong,True,True,False,True,5.95,3,1714743016755589309,False,5847.04
1801,2024-05-01,2024-05-03,2,6.0,event_strong_plausible,True,True,False,True,5.95,3,1714570266040312128,False,5847.04
1801,2024-05-01,2024-05-03,2,6.0,event_conservative,True,True,False,True,5.75,3,1714743016755589309,False,5447.04
1802,2024-05-01,2024-05-03,2,7.0,minute_touch_original_quote_terminal,True,True,False,True,6.899999999999989,1.2000000000000004,1714743060000000000,False,11347.039999999979
1802,2024-05-01,2024-05-03,2,7.0,minute_touch_settlement,True,True,False,True,6.899999999999989,1.2000000000000004,1714743060000000000,False,11347.039999999979
1802,2024-05-01,2024-05-03,2,7.0,persist_2_settlement,True,True,False,True,6.899999999999989,1.3999999999999997,1714743120000000000,False,10947.039999999979
1802,2024-05-01,2024-05-03,2,7.0,persist_3_settlement,True,True,False,True,6.899999999999989,1.6000000000000008,1714743180000000000,False,10547.039999999977
1802,2024-05-01,2024-05-03,2,7.0,event_strong,True,True,False,True,6.95,3,1714743064275070510,False,7847.04
1802,2024-05-01,2024-05-03,2,7.0,event_strong_plausible,True,True,False,True,6.95,3,1714571115528658440,False,7847.04
1802,2024-05-01,2024-05-03,2,7.0,event_conservative,True,True,False,True,6.75,3,1714743108222717762,False,7447.04
1830,2024-05-14,2024-05-16,2,5.0,minute_touch_original_quote_terminal,True,True,False,True,4.95,2.8,1715700060000000000,False,4247.040000000001
1830,2024-05-14,2024-05-16,2,5.0,minute_touch_settlement,True,True,False,True,4.95,2.8,1715700060000000000,False,4247.040000000001
1830,2024-05-14,2024-05-16,2,5.0,persist_2_settlement,True,True,False,True,4.95,2.7499999999999956,1715779920000000000,False,4347.040000000009
1830,2024-05-14,2024-05-16,2,5.0,persist_3_settlement,True,True,False,True,4.95,2.3,1715779980000000000,False,5247.040000000001
1830,2024-05-14,2024-05-16,2,5.0,event_strong,True,True,False,True,4.95,3,1715782486678732738,False,3847.0400000000004
1830,2024-05-14,2024-05-16,2,5.0,event_strong_plausible,True,True,False,True,4.95,3,1715693700995408881,False,3847.0400000000004
1830,2024-05-14,2024-05-16,2,5.0,event_conservative,True,True,False,True,4.75,3,1715783016970048778,False,3447.04
1831,2024-05-14,2024-05-16,2,6.0,minute_touch_original_quote_terminal,True,True,False,True,5.999999999999983,2.8499999999999828,1715716800000000000,False,6247.040000000001
1831,2024-05-14,2024-05-16,2,6.0,minute_touch_settlement,True,True,False,True,5.999999999999983,2.8499999999999828,1715716800000000000,False,6247.040000000001
1831,2024-05-14,2024-05-16,2,6.0,persist_2_settlement,True,True,False,True,5.999999999999983,2.9499999999999984,1715780520000000000,False,6047.039999999969
1831,2024-05-14,2024-05-16,2,6.0,persist_3_settlement,True,True,False,True,5.999999999999983,2.849999999999997,1715782740000000000,False,6247.039999999973
1831,2024-05-14,2024-05-16,2,6.0,event_strong,True,True,False,True,5.95,3,1715784108414468295,False,5847.04
1831,2024-05-14,2024-05-16,2,6.0,event_strong_plausible,True,True,False,True,5.95,3,1715696766318680208,False,5847.04
1831,2024-05-14,2024-05-16,2,6.0,event_conservative,True,True,False,True,5.75,3,1715784576972184648,False,5447.04
1832,2024-05-14,2024-05-16,2,7.0,minute_touch_original_quote_terminal,True,True,False,True,7.049999999999966,2.4500000000000055,1715780700000000000,False,9147.039999999923
1832,2024-05-14,2024-05-16,2,7.0,minute_touch_settlement,True,True,False,True,7.049999999999966,2.4500000000000055,1715780700000000000,False,9147.039999999923
1832,2024-05-14,2024-05-16,2,7.0,persist_2_settlement,True,True,False,True,7.049999999999966,2.899999999999994,1715785320000000000,False,8247.039999999944
1832,2024-05-14,2024-05-16,2,7.0,persist_3_settlement,True,True,False,True,7.049999999999966,2.8,1715785800000000000,False,8447.039999999934
1832,2024-05-14,2024-05-16,2,7.0,event_strong,True,True,False,True,6.95,3,1715788505567933595,False,7847.04
1832,2024-05-14,2024-05-16,2,7.0,event_strong_plausible,True,True,False,True,6.95,3,1715715982865695930,False,7847.04
1832,2024-05-14,2024-05-16,2,7.0,event_conservative,True,True,False,True,6.75,3,1715792478516525524,False,7447.04
1860,2024-05-31,2024-06-03,3,5.0,minute_touch_original_quote_terminal,True,True,False,True,4.850000000000006,2.6999999999999913,1717163280000000000,False,4247.040000000029
1860,2024-05-31,2024-06-03,3,5.0,minute_touch_settlement,True,True,False,True,4.850000000000006,2.6999999999999913,1717163280000000000,False,4247.040000000029
1860,2024-05-31,2024-06-03,3,5.0,persist_2_settlement,True,True,False,True,4.850000000000006,1.6499999999999997,1717421520000000000,False,6347.040000000013
1860,2024-05-31,2024-06-03,3,5.0,persist_3_settlement,True,True,False,True,4.850000000000006,1.6500000000000015,1717421580000000000,False,6347.040000000009
1860,2024-05-31,2024-06-03,3,5.0,event_strong,True,True,False,True,4.95,3,1717421431316005845,False,3847.0400000000004
1860,2024-05-31,2024-06-03,3,5.0,event_strong_plausible,True,True,False,True,4.95,3,1717162276766207094,False,3847.0400000000004
1860,2024-05-31,2024-06-03,3,5.0,event_conservative,True,True,False,True,4.75,3,1717421519016004649,False,3447.04
1861,2024-05-31,2024-06-03,3,6.0,minute_touch_original_quote_terminal,True,True,False,True,6.249999999999955,2.3,1717422840000000000,False,7847.03999999991
1861,2024-05-31,2024-06-03,3,6.0,minute_touch_settlement,True,True,False,True,6.249999999999955,2.3,1717422840000000000,False,7847.03999999991
1861,2024-05-31,2024-06-03,3,6.0,persist_2_settlement,True,True,False,True,6.249999999999955,10.0,,True,-7552.960000000091
1861,2024-05-31,2024-06-03,3,6.0,persist_3_settlement,True,True,False,True,6.249999999999955,10.0,,True,-7552.960000000091
1861,2024-05-31,2024-06-03,3,6.0,event_strong,True,True,False,True,5.95,10.0,,True,-8152.96
1861,2024-05-31,2024-06-03,3,6.0,event_strong_plausible,True,True,False,True,5.95,3,1717162345743178788,False,5847.04
1861,2024-05-31,2024-06-03,3,6.0,event_conservative,True,True,False,True,5.75,10.0,,True,-8552.96
1862,2024-05-31,2024-06-03,3,7.0,minute_touch_original_quote_terminal,True,True,False,True,6.95,1.8500000000000043,1717422300000000000,False,10147.039999999994
1862,2024-05-31,2024-06-03,3,7.0,minute_touch_settlement,True,True,False,True,6.95,1.8500000000000043,1717422300000000000,False,10147.039999999994
1862,2024-05-31,2024-06-03,3,7.0,persist_2_settlement,True,True,False,True,6.95,10.0,,True,-6152.96
1862,2024-05-31,2024-06-03,3,7.0,persist_3_settlement,True,True,False,True,6.95,10.0,,True,-6152.96
1862,2024-05-31,2024-06-03,3,7.0,event_strong,True,True,False,True,6.95,10.0,,True,-6152.96
1862,2024-05-31,2024-06-03,3,7.0,event_strong_plausible,True,True,False,True,6.95,3,1717162351451764584,False,7847.04
1862,2024-05-31,2024-06-03,3,7.0,event_conservative,True,True,False,True,6.75,10.0,,True,-6552.96
1863,2024-06-03,2024-06-05,2,5.0,minute_touch_original_quote_terminal,True,True,False,True,4.849999999999992,1.6999999999999773,1717521600000000000,False,6247.040000000029
1863,2024-06-03,2024-06-05,2,5.0,minute_touch_settlement,True,True,False,True,4.849999999999992,1.6999999999999773,1717521600000000000,False,6247.040000000029
1863,2024-06-03,2024-06-05,2,5.0,persist_2_settlement,True,True,False,True,4.849999999999992,2.3500000000000005,1717594320000000000,False,4947.039999999982
1863,2024-06-03,2024-06-05,2,5.0,persist_3_settlement,True,True,False,True,4.849999999999992,2.1500000000000012,1717594380000000000,False,5347.039999999981
1863,2024-06-03,2024-06-05,2,5.0,event_strong,True,True,False,True,4.95,3,1717594373959270693,False,3847.0400000000004
1863,2024-06-03,2024-06-05,2,5.0,event_strong_plausible,True,True,False,True,4.95,3,1717421465427649995,False,3847.0400000000004
1863,2024-06-03,2024-06-05,2,5.0,event_conservative,True,True,False,True,4.75,3,1717595222882163859,False,3447.04
1864,2024-06-03,2024-06-05,2,6.0,minute_touch_original_quote_terminal,True,True,False,True,5.849999999999977,2.149999999999994,1717596060000000000,False,7347.039999999966
1864,2024-06-03,2024-06-05,2,6.0,minute_touch_settlement,True,True,False,True,5.849999999999977,2.149999999999994,1717596060000000000,False,7347.039999999966
1864,2024-06-03,2024-06-05,2,6.0,persist_2_settlement,True,True,False,True,5.849999999999977,2.4999999999999956,1717597500000000000,False,6647.039999999964
1864,2024-06-03,2024-06-05,2,6.0,persist_3_settlement,True,True,False,True,5.849999999999977,2.1500000000000012,1717597560000000000,False,7347.039999999953
1864,2024-06-03,2024-06-05,2,6.0,event_strong,True,True,False,True,5.95,3,1717597492666409583,False,5847.04
1864,2024-06-03,2024-06-05,2,6.0,event_strong_plausible,True,True,False,True,5.95,3,1717421590501311382,False,5847.04
1864,2024-06-03,2024-06-05,2,6.0,event_conservative,True,True,False,True,5.75,3,1717597492666409583,False,5447.04
1865,2024-06-03,2024-06-05,2,7.0,minute_touch_original_quote_terminal,True,True,False,True,7.2,1.6500000000000086,1717595100000000000,False,11047.039999999985
1865,2024-06-03,2024-06-05,2,7.0,minute_touch_settlement,True,True,False,True,7.2,1.6500000000000086,1717595100000000000,False,11047.039999999985
1865,2024-06-03,2024-06-05,2,7.0,persist_2_settlement,True,True,False,True,7.2,2.8999999999999977,1717597740000000000,False,8547.040000000006
1865,2024-06-03,2024-06-05,2,7.0,persist_3_settlement,True,True,False,True,7.2,2.950000000000002,1717597800000000000,False,8447.039999999997
1865,2024-06-03,2024-06-05,2,7.0,event_strong,True,True,False,True,6.95,3,1717597898276748388,False,7847.04
1865,2024-06-03,2024-06-05,2,7.0,event_strong_plausible,True,True,False,True,6.95,3,1717423211939970451,False,7847.04
1865,2024-06-03,2024-06-05,2,7.0,event_conservative,True,True,False,True,6.75,3,1717597929127234161,False,7447.04
1866,2024-06-03,2024-06-06,3,5.0,minute_touch_original_quote_terminal,True,True,False,True,4.850000000000006,2.9999999999999956,1717594260000000000,False,3647.0400000000204
1866,2024-06-03,2024-06-06,3,5.0,minute_touch_settlement,True,True,False,True,4.850000000000006,2.9999999999999956,1717594260000000000,False,3647.0400000000204
1866,2024-06-03,2024-06-06,3,5.0,persist_2_settlement,True,True,False,True,4.850000000000006,2.6500000000000012,1717594320000000000,False,4347.040000000009
1866,2024-06-03,2024-06-06,3,5.0,persist_3_settlement,True,True,False,True,4.850000000000006,2.8,1717594380000000000,False,4047.040000000012
1866,2024-06-03,2024-06-06,3,5.0,event_strong,True,True,False,True,4.95,3,1717597306099143378,False,3847.0400000000004
1866,2024-06-03,2024-06-06,3,5.0,event_strong_plausible,True,True,False,True,4.95,3,1717421465420738289,False,3847.0400000000004
1866,2024-06-03,2024-06-06,3,5.0,event_conservative,True,True,False,True,4.75,3,1717597306099143378,False,3447.04
1867,2024-06-03,2024-06-06,3,6.0,minute_touch_original_quote_terminal,True,True,False,True,6.0499999999999945,2.9000000000000012,1717597620000000000,False,6247.039999999986
1867,2024-06-03,2024-06-06,3,6.0,minute_touch_settlement,True,True,False,True,6.0499999999999945,2.9000000000000012,1717597620000000000,False,6247.039999999986
1867,2024-06-03,2024-06-06,3,6.0,persist_2_settlement,True,True,False,True,6.0499999999999945,2.7999999999999927,1717597680000000000,False,6447.040000000004
1867,2024-06-03,2024-06-06,3,6.0,persist_3_settlement,True,True,False,True,6.0499999999999945,2.9000000000000083,1717597740000000000,False,6247.039999999973
1867,2024-06-03,2024-06-06,3,6.0,event_strong,True,True,False,True,5.95,3,1717598215105152275,False,5847.04
1867,2024-06-03,2024-06-06,3,6.0,event_strong_plausible,True,True,False,True,5.95,3,1717421470207510712,False,5847.04
1867,2024-06-03,2024-06-06,3,6.0,event_conservative,True,True,False,True,5.75,3,1717598670156628262,False,5447.04
1868,2024-06-03,2024-06-06,3,7.0,minute_touch_original_quote_terminal,True,True,False,True,6.899999999999989,2.0000000000000027,1717600860000000000,False,9747.039999999974
1868,2024-06-03,2024-06-06,3,7.0,minute_touch_settlement,True,True,False,True,6.899999999999989,2.0000000000000027,1717600860000000000,False,9747.039999999974
1868,2024-06-03,2024-06-06,3,7.0,persist_2_settlement,True,True,False,True,6.899999999999989,2.8,1717612200000000000,False,8147.039999999978
1868,2024-06-03,2024-06-06,3,7.0,persist_3_settlement,True,True,False,True,6.899999999999989,2.899999999999994,1717612260000000000,False,7947.039999999989
1868,2024-06-03,2024-06-06,3,7.0,event_strong,True,True,False,True,6.95,3,1717615410592072017,False,7847.04
1868,2024-06-03,2024-06-06,3,7.0,event_strong_plausible,True,True,False,True,6.95,3,1717421593734293767,False,7847.04
1868,2024-06-03,2024-06-06,3,7.0,event_conservative,True,True,False,True,6.75,3,1717615410592072017,False,7447.04
1896,2024-06-14,2024-06-17,3,5.0,minute_touch_original_quote_terminal,True,True,False,True,4.95,2.9499999999999984,1718391900000000000,False,3947.0400000000036
1896,2024-06-14,2024-06-17,3,5.0,minute_touch_settlement,True,True,False,True,4.95,2.9499999999999984,1718391900000000000,False,3947.0400000000036
1896,2024-06-14,2024-06-17,3,5.0,persist_2_settlement,True,True,False,True,4.95,2.9499999999999984,1718392260000000000,False,3947.0400000000036
1896,2024-06-14,2024-06-17,3,5.0,persist_3_settlement,True,True,False,True,4.95,2.9000000000000012,1718392320000000000,False,4047.039999999998
1896,2024-06-14,2024-06-17,3,5.0,event_strong,True,True,False,True,4.95,3,1718631455437166866,False,3847.0400000000004
1896,2024-06-14,2024-06-17,3,5.0,event_strong_plausible,True,True,False,True,4.95,3,1718371860202363925,False,3847.0400000000004
1896,2024-06-14,2024-06-17,3,5.0,event_conservative,True,True,False,True,4.75,3,1718631548211682715,False,3447.04
1897,2024-06-14,2024-06-17,3,6.0,minute_touch_original_quote_terminal,True,True,False,True,5.900000000000003,2.600000000000004,1718389380000000000,False,6547.039999999998
1897,2024-06-14,2024-06-17,3,6.0,minute_touch_settlement,True,True,False,True,5.900000000000003,2.600000000000004,1718389380000000000,False,6547.039999999998
1897,2024-06-14,2024-06-17,3,6.0,persist_2_settlement,True,True,False,True,5.900000000000003,2.3,1718631120000000000,False,7147.040000000006
1897,2024-06-14,2024-06-17,3,6.0,persist_3_settlement,True,True,False,True,5.900000000000003,2.5000000000000027,1718631180000000000,False,6747.040000000001
1897,2024-06-14,2024-06-17,3,6.0,event_strong,True,True,False,True,5.95,3,1718631572435202685,False,5847.04
1897,2024-06-14,2024-06-17,3,6.0,event_strong_plausible,True,True,False,True,5.95,3,1718371861860236626,False,5847.04
1897,2024-06-14,2024-06-17,3,6.0,event_conservative,True,True,False,True,5.75,3,1718633158672771364,False,5447.04
1898,2024-06-14,2024-06-17,3,7.0,minute_touch_original_quote_terminal,True,True,False,True,7.0000000000000115,2.9499999999999984,1718636760000000000,False,8047.040000000026
1898,2024-06-14,2024-06-17,3,7.0,minute_touch_settlement,True,True,False,True,7.0000000000000115,2.9499999999999984,1718636760000000000,False,8047.040000000026
1898,2024-06-14,2024-06-17,3,7.0,persist_2_settlement,True,True,False,True,7.0000000000000115,2.600000000000004,1718636820000000000,False,8747.040000000015
1898,2024-06-14,2024-06-17,3,7.0,persist_3_settlement,True,True,False,True,7.0000000000000115,2.749999999999999,1718636880000000000,False,8447.040000000026
1898,2024-06-14,2024-06-17,3,7.0,event_strong,True,True,False,True,6.95,3,1718636833905760962,False,7847.04
1898,2024-06-14,2024-06-17,3,7.0,event_strong_plausible,True,True,False,True,6.95,3,1718372746725442082,False,7847.04
1898,2024-06-14,2024-06-17,3,7.0,event_conservative,True,True,False,True,6.75,3,1718639149234753442,False,7447.04
1923,2024-06-28,2024-07-01,3,5.0,minute_touch_original_quote_terminal,True,True,False,True,4.849999999999992,2.850000000000011,1719582120000000000,False,3947.039999999961
1923,2024-06-28,2024-07-01,3,5.0,minute_touch_settlement,True,True,False,True,4.849999999999992,2.850000000000011,1719582120000000000,False,3947.039999999961
1923,2024-06-28,2024-07-01,3,5.0,persist_2_settlement,True,True,False,True,4.849999999999992,2.849999999999997,1719583260000000000,False,3947.0399999999895
1923,2024-06-28,2024-07-01,3,5.0,persist_3_settlement,True,True,False,True,4.849999999999992,2.5000000000000027,1719583320000000000,False,4647.039999999978
1923,2024-06-28,2024-07-01,3,5.0,event_strong,True,True,False,True,4.95,3,1719583750331265228,False,3847.0400000000004
1923,2024-06-28,2024-07-01,3,5.0,event_strong_plausible,True,True,False,True,4.95,3,1719581462225843904,False,3847.0400000000004
1923,2024-06-28,2024-07-01,3,5.0,event_conservative,True,True,False,True,4.75,3,1719584049403294765,False,3447.04
1924,2024-06-28,2024-07-01,3,6.0,minute_touch_original_quote_terminal,True,True,False,True,5.7999999999999945,2.9000000000000012,1719583440000000000,False,5747.039999999986
1924,2024-06-28,2024-07-01,3,6.0,minute_touch_settlement,True,True,False,True,5.7999999999999945,2.9000000000000012,1719583440000000000,False,5747.039999999986
1924,2024-06-28,2024-07-01,3,6.0,persist_2_settlement,True,True,False,True,5.7999999999999945,2.9000000000000012,1719583500000000000,False,5747.039999999986
1924,2024-06-28,2024-07-01,3,6.0,persist_3_settlement,True,True,False,True,5.7999999999999945,2.649999999999994,1719583560000000000,False,6247.040000000001
1924,2024-06-28,2024-07-01,3,6.0,event_strong,True,True,False,True,5.95,10.0,,True,-8152.96
1924,2024-06-28,2024-07-01,3,6.0,event_strong_plausible,True,True,False,True,5.95,3,1719581799294961641,False,5847.04
1924,2024-06-28,2024-07-01,3,6.0,event_conservative,True,True,False,True,5.75,10.0,,True,-8552.96
1925,2024-06-28,2024-07-01,3,7.0,minute_touch_original_quote_terminal,True,True,False,True,6.95,1.8,1719584520000000000,False,10247.04
1925,2024-06-28,2024-07-01,3,7.0,minute_touch_settlement,True,True,False,True,6.95,1.8,1719584520000000000,False,10247.04
1925,2024-06-28,2024-07-01,3,7.0,persist_2_settlement,True,True,False,True,6.95,10.0,,True,-6152.96
1925,2024-06-28,2024-07-01,3,7.0,persist_3_settlement,True,True,False,True,6.95,10.0,,True,-6152.96
1925,2024-06-28,2024-07-01,3,7.0,event_strong,True,True,False,True,6.95,10.0,,True,-6152.96
1925,2024-06-28,2024-07-01,3,7.0,event_strong_plausible,True,True,False,True,6.95,3,1719582436644351390,False,7847.04
1925,2024-06-28,2024-07-01,3,7.0,event_conservative,True,True,False,True,6.75,10.0,,True,-6552.96
1956,2024-07-15,2024-07-17,2,5.0,minute_touch_original_quote_terminal,True,True,False,True,4.850000000000006,2.6500000000000083,1721050620000000000,False,4347.039999999995
1956,2024-07-15,2024-07-17,2,5.0,minute_touch_settlement,True,True,False,True,4.850000000000006,2.6500000000000083,1721050620000000000,False,4347.039999999995
1956,2024-07-15,2024-07-17,2,5.0,persist_2_settlement,True,True,False,True,4.850000000000006,2.9000000000000083,1721056380000000000,False,3847.039999999995
1956,2024-07-15,2024-07-17,2,5.0,persist_3_settlement,True,True,False,True,4.850000000000006,2.7999999999999927,1721056440000000000,False,4047.0400000000263
1956,2024-07-15,2024-07-17,2,5.0,event_strong,True,True,False,True,4.95,10.0,,True,-10152.96
1956,2024-07-15,2024-07-17,2,5.0,event_strong_plausible,True,True,False,True,4.95,3,1721050268030594772,False,3847.0400000000004
1956,2024-07-15,2024-07-17,2,5.0,event_conservative,True,True,False,True,4.75,10.0,,True,-10552.96
1957,2024-07-15,2024-07-17,2,6.0,minute_touch_original_quote_terminal,True,True,False,True,5.899999999999989,2.6500000000000226,1721051040000000000,False,6447.039999999933
1957,2024-07-15,2024-07-17,2,6.0,minute_touch_settlement,True,True,False,True,5.899999999999989,2.6500000000000226,1721051040000000000,False,6447.039999999933
1957,2024-07-15,2024-07-17,2,6.0,persist_2_settlement,True,True,False,True,5.899999999999989,10.0,,True,-8252.960000000021
1957,2024-07-15,2024-07-17,2,6.0,persist_3_settlement,True,True,False,True,5.899999999999989,10.0,,True,-8252.960000000021
1957,2024-07-15,2024-07-17,2,6.0,event_strong,True,True,False,True,5.95,10.0,,True,-8152.96
1957,2024-07-15,2024-07-17,2,6.0,event_strong_plausible,True,True,False,True,5.95,3,1721050301776200204,False,5847.04
1957,2024-07-15,2024-07-17,2,6.0,event_conservative,True,True,False,True,5.75,10.0,,True,-8552.96
1958,2024-07-15,2024-07-17,2,7.0,minute_touch_original_quote_terminal,True,True,False,True,6.95,10.0,,True,-6152.96
1958,2024-07-15,2024-07-17,2,7.0,minute_touch_settlement,True,True,False,True,6.95,10.0,,True,-6152.96
1958,2024-07-15,2024-07-17,2,7.0,persist_2_settlement,True,True,False,True,6.95,10.0,,True,-6152.96
1958,2024-07-15,2024-07-17,2,7.0,persist_3_settlement,True,True,False,True,6.95,10.0,,True,-6152.96
1958,2024-07-15,2024-07-17,2,7.0,event_strong,True,True,False,True,6.95,10.0,,True,-6152.96
1958,2024-07-15,2024-07-17,2,7.0,event_strong_plausible,True,True,False,True,6.95,3,1721055642814542471,False,7847.04
1958,2024-07-15,2024-07-17,2,7.0,event_conservative,True,True,False,True,6.75,10.0,,True,-6552.96
1959,2024-07-15,2024-07-18,3,5.0,minute_touch_original_quote_terminal,True,True,False,True,4.999999999999983,10.0,,True,-10052.960000000034
1959,2024-07-15,2024-07-18,3,5.0,minute_touch_settlement,True,True,False,True,4.999999999999983,10.0,,True,-10052.960000000034
1959,2024-07-15,2024-07-18,3,5.0,persist_2_settlement,True,True,False,True,4.999999999999983,10.0,,True,-10052.960000000034
1959,2024-07-15,2024-07-18,3,5.0,persist_3_settlement,True,True,False,True,4.999999999999983,10.0,,True,-10052.960000000034
1959,2024-07-15,2024-07-18,3,5.0,event_strong,True,True,False,True,4.95,10.0,,True,-10152.96
1959,2024-07-15,2024-07-18,3,5.0,event_strong_plausible,True,True,False,True,4.95,3,1721050301715024645,False,3847.0400000000004
1959,2024-07-15,2024-07-18,3,5.0,event_conservative,True,True,False,True,4.75,10.0,,True,-10552.96
1960,2024-07-15,2024-07-18,3,6.0,minute_touch_original_quote_terminal,True,True,False,True,5.900000000000017,2.2000000000000055,1721056980000000000,False,7347.040000000024
1960,2024-07-15,2024-07-18,3,6.0,minute_touch_settlement,True,True,False,True,5.900000000000017,2.2000000000000055,1721056980000000000,False,7347.040000000024
1960,2024-07-15,2024-07-18,3,6.0,persist_2_settlement,True,True,False,True,5.900000000000017,10.0,,True,-8252.959999999965
1960,2024-07-15,2024-07-18,3,6.0,persist_3_settlement,True,True,False,True,5.900000000000017,10.0,,True,-8252.959999999965
1960,2024-07-15,2024-07-18,3,6.0,event_strong,True,True,False,True,5.95,10.0,,True,-8152.96
1960,2024-07-15,2024-07-18,3,6.0,event_strong_plausible,True,True,False,True,5.95,3,1721050357282834733,False,5847.04
1960,2024-07-15,2024-07-18,3,6.0,event_conservative,True,True,False,True,5.75,10.0,,True,-8552.96
1961,2024-07-15,2024-07-18,3,7.0,minute_touch_original_quote_terminal,True,True,False,True,6.95,0.6999999999999773,1721332620000000000,False,12447.040000000046
1961,2024-07-15,2024-07-18,3,7.0,minute_touch_settlement,True,True,False,True,6.95,0.6999999999999773,1721332620000000000,False,12447.040000000046
1961,2024-07-15,2024-07-18,3,7.0,persist_2_settlement,True,True,False,True,6.95,10.0,,True,-6152.96
1961,2024-07-15,2024-07-18,3,7.0,persist_3_settlement,True,True,False,True,6.95,10.0,,True,-6152.96
1961,2024-07-15,2024-07-18,3,7.0,event_strong,True,True,False,True,6.95,10.0,,True,-6152.96
1961,2024-07-15,2024-07-18,3,7.0,event_strong_plausible,True,True,False,True,6.95,3,1721052379712517884,False,7847.04
1961,2024-07-15,2024-07-18,3,7.0,event_conservative,True,True,False,True,6.75,10.0,,True,-6552.96
1998,2024-07-31,2024-08-02,2,5.0,minute_touch_original_quote_terminal,True,True,False,True,4.95,2.55,1722435180000000000,False,4747.040000000001
1998,2024-07-31,2024-08-02,2,5.0,minute_touch_settlement,True,True,False,True,4.95,2.55,1722435180000000000,False,4747.040000000001
1998,2024-07-31,2024-08-02,2,5.0,persist_2_settlement,True,True,False,True,4.95,2.6500000000000083,1722519780000000000,False,4547.039999999984
1998,2024-07-31,2024-08-02,2,5.0,persist_3_settlement,True,True,False,True,4.95,2.8,1722519840000000000,False,4247.040000000001
1998,2024-07-31,2024-08-02,2,5.0,event_strong,True,True,False,True,4.95,3,1722520498213282462,False,3847.0400000000004
1998,2024-07-31,2024-08-02,2,5.0,event_strong_plausible,True,True,False,True,4.95,3,1722432663747756036,False,3847.0400000000004
1998,2024-07-31,2024-08-02,2,5.0,event_conservative,True,True,False,True,4.75,10.0,,True,-10552.96
1999,2024-07-31,2024-08-02,2,6.0,minute_touch_original_quote_terminal,True,True,False,True,5.95,1.9999999999999318,1722436080000000000,False,7847.040000000137
1999,2024-07-31,2024-08-02,2,6.0,minute_touch_settlement,True,True,False,True,5.95,1.9999999999999318,1722436080000000000,False,7847.040000000137
1999,2024-07-31,2024-08-02,2,6.0,persist_2_settlement,True,True,False,True,5.95,10.0,,True,-8152.96
1999,2024-07-31,2024-08-02,2,6.0,persist_3_settlement,True,True,False,True,5.95,10.0,,True,-8152.96
1999,2024-07-31,2024-08-02,2,6.0,event_strong,True,True,False,True,5.95,10.0,,True,-8152.96
1999,2024-07-31,2024-08-02,2,6.0,event_strong_plausible,True,True,False,True,5.95,3,1722432672945607322,False,5847.04
1999,2024-07-31,2024-08-02,2,6.0,event_conservative,True,True,False,True,5.75,10.0,,True,-8552.96
2000,2024-07-31,2024-08-02,2,7.0,minute_touch_original_quote_terminal,True,True,False,True,6.95,2.149999999999994,1722519900000000000,False,9547.040000000014
2000,2024-07-31,2024-08-02,2,7.0,minute_touch_settlement,True,True,False,True,6.95,2.149999999999994,1722519900000000000,False,9547.040000000014
2000,2024-07-31,2024-08-02,2,7.0,persist_2_settlement,True,True,False,True,6.95,10.0,,True,-6152.96
2000,2024-07-31,2024-08-02,2,7.0,persist_3_settlement,True,True,False,True,6.95,10.0,,True,-6152.96
2000,2024-07-31,2024-08-02,2,7.0,event_strong,True,True,False,True,6.95,10.0,,True,-6152.96
2000,2024-07-31,2024-08-02,2,7.0,event_strong_plausible,True,True,False,True,6.95,3,1722432672947417631,False,7847.04
2000,2024-07-31,2024-08-02,2,7.0,event_conservative,True,True,False,True,6.75,10.0,,True,-6552.96
2025,2024-08-16,2024-08-19,3,5.0,minute_touch_original_quote_terminal,True,True,False,True,4.95,2.55,1723815540000000000,False,4747.040000000001
2025,2024-08-16,2024-08-19,3,5.0,minute_touch_settlement,True,True,False,True,4.95,2.55,1723815540000000000,False,4747.040000000001
2025,2024-08-16,2024-08-19,3,5.0,persist_2_settlement,True,True,False,True,4.95,2.9000000000000012,1723826160000000000,False,4047.039999999998
2025,2024-08-16,2024-08-19,3,5.0,persist_3_settlement,True,True,False,True,4.95,2.9999999999999956,1723826220000000000,False,3847.040000000009
2025,2024-08-16,2024-08-19,3,5.0,event_strong,True,True,False,True,4.95,3,1723827306983966272,False,3847.0400000000004
2025,2024-08-16,2024-08-19,3,5.0,event_strong_plausible,True,True,False,True,4.95,3,1723815063926058407,False,3847.0400000000004
2025,2024-08-16,2024-08-19,3,5.0,event_conservative,True,True,False,True,4.75,3,1724075270162623829,False,3447.04
2026,2024-08-16,2024-08-19,3,6.0,minute_touch_original_quote_terminal,True,True,False,True,5.850000000000006,2.9999999999999885,1723815240000000000,False,5647.0400000000345
2026,2024-08-16,2024-08-19,3,6.0,minute_touch_settlement,True,True,False,True,5.850000000000006,2.9999999999999885,1723815240000000000,False,5647.0400000000345
2026,2024-08-16,2024-08-19,3,6.0,persist_2_settlement,True,True,False,True,5.850000000000006,2.9500000000000055,1723817280000000000,False,5747.040000000001
2026,2024-08-16,2024-08-19,3,6.0,persist_3_settlement,True,True,False,True,5.850000000000006,2.7000000000000055,1723817820000000000,False,6247.040000000001
2026,2024-08-16,2024-08-19,3,6.0,event_strong,True,True,False,True,5.95,3,1723822182881035655,False,5847.04
2026,2024-08-16,2024-08-19,3,6.0,event_strong_plausible,True,True,False,True,5.95,3,1723815064119022315,False,5847.04
2026,2024-08-16,2024-08-19,3,6.0,event_conservative,True,True,False,True,5.75,3,1723824760967539139,False,5447.04
2027,2024-08-16,2024-08-19,3,7.0,minute_touch_original_quote_terminal,True,True,False,True,6.950000000000029,2.849999999999997,1723829100000000000,False,8147.040000000064
2027,2024-08-16,2024-08-19,3,7.0,minute_touch_settlement,True,True,False,True,6.950000000000029,2.849999999999997,1723829100000000000,False,8147.040000000064
2027,2024-08-16,2024-08-19,3,7.0,persist_2_settlement,True,True,False,True,6.950000000000029,2.8999999999999977,1724085840000000000,False,8047.040000000062
2027,2024-08-16,2024-08-19,3,7.0,persist_3_settlement,True,True,False,True,6.950000000000029,2.9000000000000012,1724086140000000000,False,8047.0400000000545
2027,2024-08-16,2024-08-19,3,7.0,event_strong,True,True,False,True,6.95,3,1724086017198427177,False,7847.04
2027,2024-08-16,2024-08-19,3,7.0,event_strong_plausible,True,True,False,True,6.95,3,1723815109085957254,False,7847.04
2027,2024-08-16,2024-08-19,3,7.0,event_conservative,True,True,False,True,6.75,3,1724086221801593108,False,7447.04
2058,2024-08-28,2024-08-30,2,5.0,minute_touch_original_quote_terminal,True,True,False,True,4.95,1.05,1724875200000000000,False,7747.040000000001
2058,2024-08-28,2024-08-30,2,5.0,minute_touch_settlement,True,True,False,True,4.95,1.05,1724875200000000000,False,7747.040000000001
2058,2024-08-28,2024-08-30,2,5.0,persist_2_settlement,True,True,False,True,4.95,10.0,,True,-10152.96
2058,2024-08-28,2024-08-30,2,5.0,persist_3_settlement,True,True,False,True,4.95,10.0,,True,-10152.96
2058,2024-08-28,2024-08-30,2,5.0,event_strong,True,True,False,True,4.95,10.0,,True,-10152.96
2058,2024-08-28,2024-08-30,2,5.0,event_strong_plausible,True,True,False,True,4.95,3,1724851860357406535,False,3847.0400000000004
2058,2024-08-28,2024-08-30,2,5.0,event_conservative,True,True,False,True,4.75,10.0,,True,-10552.96
2059,2024-08-28,2024-08-30,2,6.0,minute_touch_original_quote_terminal,True,True,False,True,6.050000000000023,2.4500000000000908,1724875200000000000,False,7147.039999999864
2059,2024-08-28,2024-08-30,2,6.0,minute_touch_settlement,True,True,False,True,6.050000000000023,2.4500000000000908,1724875200000000000,False,7147.039999999864
2059,2024-08-28,2024-08-30,2,6.0,persist_2_settlement,True,True,False,True,6.050000000000023,10.0,,True,-7952.959999999955
2059,2024-08-28,2024-08-30,2,6.0,persist_3_settlement,True,True,False,True,6.050000000000023,10.0,,True,-7952.959999999955
2059,2024-08-28,2024-08-30,2,6.0,event_strong,True,True,False,True,5.95,10.0,,True,-8152.96
2059,2024-08-28,2024-08-30,2,6.0,event_strong_plausible,True,True,False,True,5.95,3,1724852162096471522,False,5847.04
2059,2024-08-28,2024-08-30,2,6.0,event_conservative,True,True,False,True,5.75,10.0,,True,-8552.96
2060,2024-08-28,2024-08-30,2,7.0,minute_touch_original_quote_terminal,True,True,False,True,6.7500000000000115,1.5999999999999546,1724875500000000000,False,10247.040000000115
2060,2024-08-28,2024-08-30,2,7.0,minute_touch_settlement,True,True,False,True,6.7500000000000115,1.5999999999999546,1724875500000000000,False,10247.040000000115
2060,2024-08-28,2024-08-30,2,7.0,persist_2_settlement,True,True,False,True,6.7500000000000115,10.0,,True,-6552.959999999977
2060,2024-08-28,2024-08-30,2,7.0,persist_3_settlement,True,True,False,True,6.7500000000000115,10.0,,True,-6552.959999999977
2060,2024-08-28,2024-08-30,2,7.0,event_strong,True,True,False,True,6.95,10.0,,True,-6152.96
2060,2024-08-28,2024-08-30,2,7.0,event_strong_plausible,True,True,False,True,6.95,3,1724851879896131796,False,7847.04
2060,2024-08-28,2024-08-30,2,7.0,event_conservative,True,True,False,True,6.75,10.0,,True,-6552.96
2061,2024-09-03,2024-09-05,2,5.0,minute_touch_original_quote_terminal,True,True,False,True,5.050000000000023,2.7499999999999885,1725374220000000000,False,4547.040000000069
2061,2024-09-03,2024-09-05,2,5.0,minute_touch_settlement,True,True,False,True,5.050000000000023,2.7499999999999885,1725374220000000000,False,4547.040000000069
2061,2024-09-03,2024-09-05,2,5.0,persist_2_settlement,True,True,False,True,5.050000000000023,10.0,,True,-9952.959999999954
2061,2024-09-03,2024-09-05,2,5.0,persist_3_settlement,True,True,False,True,5.050000000000023,10.0,,True,-9952.959999999954
2061,2024-09-03,2024-09-05,2,5.0,event_strong,True,True,False,True,4.95,10.0,,True,-10152.96
2061,2024-09-03,2024-09-05,2,5.0,event_strong_plausible,True,True,False,True,4.95,3,1725370260259198636,False,3847.0400000000004
2061,2024-09-03,2024-09-05,2,5.0,event_conservative,True,True,False,True,4.75,10.0,,True,-10552.96
2062,2024-09-03,2024-09-05,2,6.0,minute_touch_original_quote_terminal,True,True,False,True,6.0000000000000115,10.0,,True,-8052.959999999977
2062,2024-09-03,2024-09-05,2,6.0,minute_touch_settlement,True,True,False,True,6.0000000000000115,10.0,,True,-8052.959999999977
2062,2024-09-03,2024-09-05,2,6.0,persist_2_settlement,True,True,False,True,6.0000000000000115,10.0,,True,-8052.959999999977
2062,2024-09-03,2024-09-05,2,6.0,persist_3_settlement,True,True,False,True,6.0000000000000115,10.0,,True,-8052.959999999977
2062,2024-09-03,2024-09-05,2,6.0,event_strong,True,True,False,True,5.95,10.0,,True,-8152.96
2062,2024-09-03,2024-09-05,2,6.0,event_strong_plausible,True,True,False,True,5.95,3,1725370260770686404,False,5847.04
2062,2024-09-03,2024-09-05,2,6.0,event_conservative,True,True,False,True,5.75,10.0,,True,-8552.96
2063,2024-09-03,2024-09-05,2,7.0,minute_touch_original_quote_terminal,True,True,False,True,7.0000000000000115,10.0,,True,-6052.959999999977
2063,2024-09-03,2024-09-05,2,7.0,minute_touch_settlement,True,True,False,True,7.0000000000000115,10.0,,True,-6052.959999999977
2063,2024-09-03,2024-09-05,2,7.0,persist_2_settlement,True,True,False,True,7.0000000000000115,10.0,,True,-6052.959999999977
2063,2024-09-03,2024-09-05,2,7.0,persist_3_settlement,True,True,False,True,7.0000000000000115,10.0,,True,-6052.959999999977
2063,2024-09-03,2024-09-05,2,7.0,event_strong,True,True,False,True,6.95,10.0,,True,-6152.96
2063,2024-09-03,2024-09-05,2,7.0,event_strong_plausible,True,True,False,True,6.95,3,1725370260527928832,False,7847.04
2063,2024-09-03,2024-09-05,2,7.0,event_conservative,True,True,False,True,6.75,10.0,,True,-6552.96
2064,2024-09-03,2024-09-06,3,5.0,minute_touch_original_quote_terminal,True,True,False,True,5.0000000000000115,2.8499999999999543,1725373380000000000,False,4247.040000000115
2064,2024-09-03,2024-09-06,3,5.0,minute_touch_settlement,True,True,False,True,5.0000000000000115,2.8499999999999543,1725373380000000000,False,4247.040000000115
2064,2024-09-03,2024-09-06,3,5.0,persist_2_settlement,True,True,False,True,5.0000000000000115,10.0,,True,-10052.959999999975
2064,2024-09-03,2024-09-06,3,5.0,persist_3_settlement,True,True,False,True,5.0000000000000115,10.0,,True,-10052.959999999975
2064,2024-09-03,2024-09-06,3,5.0,event_strong,True,True,False,True,4.95,10.0,,True,-10152.96
2064,2024-09-03,2024-09-06,3,5.0,event_strong_plausible,True,True,False,True,4.95,3,1725370260362665105,False,3847.0400000000004
2064,2024-09-03,2024-09-06,3,5.0,event_conservative,True,True,False,True,4.75,10.0,,True,-10552.96
2065,2024-09-03,2024-09-06,3,6.0,minute_touch_original_quote_terminal,True,True,False,True,5.95,2.3,1725370740000000000,False,7247.040000000001
2065,2024-09-03,2024-09-06,3,6.0,minute_touch_settlement,True,True,False,True,5.95,2.3,1725370740000000000,False,7247.040000000001
2065,2024-09-03,2024-09-06,3,6.0,persist_2_settlement,True,True,False,True,5.95,10.0,,True,-8152.96
2065,2024-09-03,2024-09-06,3,6.0,persist_3_settlement,True,True,False,True,5.95,10.0,,True,-8152.96
2065,2024-09-03,2024-09-06,3,6.0,event_strong,True,True,False,True,5.95,10.0,,True,-8152.96
2065,2024-09-03,2024-09-06,3,6.0,event_strong_plausible,True,True,False,True,5.95,3,1725370260711905068,False,5847.04
2065,2024-09-03,2024-09-06,3,6.0,event_conservative,True,True,False,True,5.75,10.0,,True,-8552.96
2066,2024-09-03,2024-09-06,3,7.0,minute_touch_original_quote_terminal,True,True,False,True,6.95,0.8499999999999546,1725652260000000000,False,12147.040000000092
2066,2024-09-03,2024-09-06,3,7.0,minute_touch_settlement,True,True,False,True,6.95,0.8499999999999546,1725652260000000000,False,12147.040000000092
2066,2024-09-03,2024-09-06,3,7.0,persist_2_settlement,True,True,False,True,6.95,10.0,,True,-6152.96
2066,2024-09-03,2024-09-06,3,7.0,persist_3_settlement,True,True,False,True,6.95,10.0,,True,-6152.96
2066,2024-09-03,2024-09-06,3,7.0,event_strong,True,True,False,True,6.95,10.0,,True,-6152.96
2066,2024-09-03,2024-09-06,3,7.0,event_strong_plausible,True,True,False,True,6.95,3,1725370273936549026,False,7847.04
2066,2024-09-03,2024-09-06,3,7.0,event_conservative,True,True,False,True,6.75,10.0,,True,-6552.96
2091,2024-09-16,2024-09-18,2,5.0,minute_touch_original_quote_terminal,True,True,True,True,5.049999999999966,2.649999999999994,1726501020000000000,False,4747.039999999944
2091,2024-09-16,2024-09-18,2,5.0,minute_touch_settlement,True,True,True,True,5.049999999999966,2.649999999999994,1726501020000000000,False,4747.039999999944
2091,2024-09-16,2024-09-18,2,5.0,persist_2_settlement,True,True,True,True,5.049999999999966,2.9999999999999885,1726584480000000000,False,4047.0399999999554
2091,2024-09-16,2024-09-18,2,5.0,persist_3_settlement,True,True,True,True,5.049999999999966,2.9000000000000083,1726584540000000000,False,4247.039999999915
2091,2024-09-16,2024-09-18,2,5.0,event_strong,True,True,True,True,4.95,3,1726684498655136279,False,3847.0400000000004
2091,2024-09-16,2024-09-18,2,5.0,event_strong_plausible,True,True,True,True,4.95,3,1726493467015753451,False,3847.0400000000004
2091,2024-09-16,2024-09-18,2,5.0,event_conservative,True,True,True,True,4.75,3,1726684551548228042,False,3447.04
2092,2024-09-16,2024-09-18,2,6.0,minute_touch_original_quote_terminal,True,True,False,True,6.0499999999999945,2.4500000000000055,1726585020000000000,False,7147.039999999978
2092,2024-09-16,2024-09-18,2,6.0,minute_touch_settlement,True,True,False,True,6.0499999999999945,2.4500000000000055,1726585020000000000,False,7147.039999999978
2092,2024-09-16,2024-09-18,2,6.0,persist_2_settlement,True,True,False,True,6.0499999999999945,10.0,,True,-7952.960000000011
2092,2024-09-16,2024-09-18,2,6.0,persist_3_settlement,True,True,False,True,6.0499999999999945,10.0,,True,-7952.960000000011
2092,2024-09-16,2024-09-18,2,6.0,event_strong,True,True,False,True,5.95,10.0,,True,-8152.96
2092,2024-09-16,2024-09-18,2,6.0,event_strong_plausible,True,True,False,True,5.95,3,1726493476807198716,False,5847.04
2092,2024-09-16,2024-09-18,2,6.0,event_conservative,True,True,False,True,5.75,10.0,,True,-8552.96
2093,2024-09-16,2024-09-18,2,7.0,minute_touch_original_quote_terminal,True,True,False,True,7.049999999999966,2.55,1726687260000000000,False,8947.039999999934
2093,2024-09-16,2024-09-18,2,7.0,minute_touch_settlement,True,True,False,True,7.049999999999966,2.55,1726687260000000000,False,8947.039999999934
2093,2024-09-16,2024-09-18,2,7.0,persist_2_settlement,True,True,False,True,7.049999999999966,10.0,,True,-5952.960000000068
2093,2024-09-16,2024-09-18,2,7.0,persist_3_settlement,True,True,False,True,7.049999999999966,10.0,,True,-5952.960000000068
2093,2024-09-16,2024-09-18,2,7.0,event_strong,True,True,False,True,6.95,10.0,,True,-6152.96
2093,2024-09-16,2024-09-18,2,7.0,event_strong_plausible,True,True,False,True,6.95,3,1726493575091353638,False,7847.04
2093,2024-09-16,2024-09-18,2,7.0,event_conservative,True,True,False,True,6.75,10.0,,True,-6552.96
2094,2024-09-16,2024-09-19,3,5.0,minute_touch_original_quote_terminal,True,True,False,True,4.899999999999989,2.8499999999999828,1726497420000000000,False,4047.040000000012
2094,2024-09-16,2024-09-19,3,5.0,minute_touch_settlement,True,True,False,True,4.899999999999989,2.8499999999999828,1726497420000000000,False,4047.040000000012
2094,2024-09-16,2024-09-19,3,5.0,persist_2_settlement,True,True,False,True,4.899999999999989,2.8,1726684500000000000,False,4147.039999999978
2094,2024-09-16,2024-09-19,3,5.0,persist_3_settlement,True,True,False,True,4.899999999999989,2.1500000000000083,1726684560000000000,False,5447.039999999961
2094,2024-09-16,2024-09-19,3,5.0,event_strong,True,True,False,True,4.95,3,1726585149083185416,False,3847.0400000000004
2094,2024-09-16,2024-09-19,3,5.0,event_strong_plausible,True,True,False,True,4.95,3,1726493460366511971,False,3847.0400000000004
2094,2024-09-16,2024-09-19,3,5.0,event_conservative,True,True,False,True,4.75,3,1726585149083185416,False,3447.04
2095,2024-09-16,2024-09-19,3,6.0,minute_touch_original_quote_terminal,True,True,False,True,6.049999999999966,2.850000000000068,1726510200000000000,False,6347.039999999796
2095,2024-09-16,2024-09-19,3,6.0,minute_touch_settlement,True,True,False,True,6.049999999999966,2.850000000000068,1726510200000000000,False,6347.039999999796
2095,2024-09-16,2024-09-19,3,6.0,persist_2_settlement,True,True,False,True,6.049999999999966,2.2499999999999316,1726513020000000000,False,7547.040000000069
2095,2024-09-16,2024-09-19,3,6.0,persist_3_settlement,True,True,False,True,6.049999999999966,2.6499999999999657,1726513080000000000,False,6747.040000000001
2095,2024-09-16,2024-09-19,3,6.0,event_strong,True,True,False,True,5.95,3,1726756096710595294,False,5847.04
2095,2024-09-16,2024-09-19,3,6.0,event_strong_plausible,True,True,False,True,5.95,3,1726493519208214183,False,5847.04
2095,2024-09-16,2024-09-19,3,6.0,event_conservative,True,True,False,True,5.75,3,1726756267155329015,False,5447.04
2096,2024-09-16,2024-09-19,3,7.0,minute_touch_original_quote_terminal,True,True,False,True,6.999999999999983,2.5000000000000453,1726502100000000000,False,8947.039999999877
2096,2024-09-16,2024-09-19,3,7.0,minute_touch_settlement,True,True,False,True,6.999999999999983,2.5000000000000453,1726502100000000000,False,8947.039999999877
2096,2024-09-16,2024-09-19,3,7.0,persist_2_settlement,True,True,False,True,6.999999999999983,2.9000000000000226,1726505820000000000,False,8147.039999999922
2096,2024-09-16,2024-09-19,3,7.0,persist_3_settlement,True,True,False,True,6.999999999999983,1.2000000000000022,1726752780000000000,False,11547.039999999963
2096,2024-09-16,2024-09-19,3,7.0,event_strong,True,True,False,True,6.95,3,1726752616700730996,False,7847.04
2096,2024-09-16,2024-09-19,3,7.0,event_strong_plausible,True,True,False,True,6.95,3,1726493482713994218,False,7847.04
2096,2024-09-16,2024-09-19,3,7.0,event_conservative,True,True,False,True,6.75,3,1726752624541956298,False,7447.04
2127,2024-10-01,2024-10-03,2,5.0,minute_touch_original_quote_terminal,True,True,False,True,4.95,2.449999999999977,1727885520000000000,False,4947.040000000046
2127,2024-10-01,2024-10-03,2,5.0,minute_touch_settlement,True,True,False,True,4.95,2.449999999999977,1727885520000000000,False,4947.040000000046
2127,2024-10-01,2024-10-03,2,5.0,persist_2_settlement,True,True,False,True,4.95,10.0,,True,-10152.96
2127,2024-10-01,2024-10-03,2,5.0,persist_3_settlement,True,True,False,True,4.95,10.0,,True,-10152.96
2127,2024-10-01,2024-10-03,2,5.0,event_strong,True,True,False,True,4.95,10.0,,True,-10152.96
2127,2024-10-01,2024-10-03,2,5.0,event_strong_plausible,True,True,False,True,4.95,3,1727789465027170603,False,3847.0400000000004
2127,2024-10-01,2024-10-03,2,5.0,event_conservative,True,True,False,True,4.75,10.0,,True,-10552.96
2128,2024-10-01,2024-10-03,2,6.0,minute_touch_original_quote_terminal,True,True,False,True,5.900000000000017,1.4499999999999773,1727791980000000000,False,8847.04000000008
2128,2024-10-01,2024-10-03,2,6.0,minute_touch_settlement,True,True,False,True,5.900000000000017,1.4499999999999773,1727791980000000000,False,8847.04000000008
2128,2024-10-01,2024-10-03,2,6.0,persist_2_settlement,True,True,False,True,5.900000000000017,10.0,,True,-8252.959999999965
2128,2024-10-01,2024-10-03,2,6.0,persist_3_settlement,True,True,False,True,5.900000000000017,10.0,,True,-8252.959999999965
2128,2024-10-01,2024-10-03,2,6.0,event_strong,True,True,False,True,5.95,10.0,,True,-8152.96
2128,2024-10-01,2024-10-03,2,6.0,event_strong_plausible,True,True,False,True,5.95,3,1727789559681320065,False,5847.04
2128,2024-10-01,2024-10-03,2,6.0,event_conservative,True,True,False,True,5.75,10.0,,True,-8552.96
2129,2024-10-01,2024-10-03,2,7.0,minute_touch_original_quote_terminal,True,True,False,True,6.95,1.1500000000000228,1727789640000000000,False,11547.039999999955
2129,2024-10-01,2024-10-03,2,7.0,minute_touch_settlement,True,True,False,True,6.95,1.1500000000000228,1727789640000000000,False,11547.039999999955
2129,2024-10-01,2024-10-03,2,7.0,persist_2_settlement,True,True,False,True,6.95,10.0,,True,-6152.96
2129,2024-10-01,2024-10-03,2,7.0,persist_3_settlement,True,True,False,True,6.95,10.0,,True,-6152.96
2129,2024-10-01,2024-10-03,2,7.0,event_strong,True,True,False,True,6.95,10.0,,True,-6152.96
2129,2024-10-01,2024-10-03,2,7.0,event_strong_plausible,True,True,False,True,6.95,3,1727789468370484038,False,7847.04
2129,2024-10-01,2024-10-03,2,7.0,event_conservative,True,True,False,True,6.75,10.0,,True,-6552.96
2130,2024-10-01,2024-10-04,3,5.0,minute_touch_original_quote_terminal,True,True,False,True,4.95,1.6500000000000228,1727789760000000000,False,6547.039999999955
2130,2024-10-01,2024-10-04,3,5.0,minute_touch_settlement,True,True,False,True,4.95,1.6500000000000228,1727789760000000000,False,6547.039999999955
2130,2024-10-01,2024-10-04,3,5.0,persist_2_settlement,True,True,False,True,4.95,1.3500000000000114,1727789820000000000,False,7147.039999999978
2130,2024-10-01,2024-10-04,3,5.0,persist_3_settlement,True,True,False,True,4.95,10.0,,True,-10152.96
2130,2024-10-01,2024-10-04,3,5.0,event_strong,True,True,False,True,4.95,10.0,,True,-10152.96
2130,2024-10-01,2024-10-04,3,5.0,event_strong_plausible,True,True,False,True,4.95,3,1727789465026597800,False,3847.0400000000004
2130,2024-10-01,2024-10-04,3,5.0,event_conservative,True,True,False,True,4.75,10.0,,True,-10552.96
2131,2024-10-01,2024-10-04,3,6.0,minute_touch_original_quote_terminal,True,True,False,True,5.899999999999989,2.6500000000000226,1727789640000000000,False,6447.039999999933
2131,2024-10-01,2024-10-04,3,6.0,minute_touch_settlement,True,True,False,True,5.899999999999989,2.6500000000000226,1727789640000000000,False,6447.039999999933
2131,2024-10-01,2024-10-04,3,6.0,persist_2_settlement,True,True,False,True,5.899999999999989,2.950000000000034,1727789700000000000,False,5847.03999999991
2131,2024-10-01,2024-10-04,3,6.0,persist_3_settlement,True,True,False,True,5.899999999999989,1.4999999999999887,1727789760000000000,False,8747.04
2131,2024-10-01,2024-10-04,3,6.0,event_strong,True,True,False,True,5.95,10.0,,True,-8152.96
2131,2024-10-01,2024-10-04,3,6.0,event_strong_plausible,True,True,False,True,5.95,3,1727789484638166324,False,5847.04
2131,2024-10-01,2024-10-04,3,6.0,event_conservative,True,True,False,True,5.75,10.0,,True,-8552.96
2132,2024-10-01,2024-10-04,3,7.0,minute_touch_original_quote_terminal,True,True,False,True,6.999999999999955,0.6500000000000228,1727789640000000000,False,12647.039999999864
2132,2024-10-01,2024-10-04,3,7.0,minute_touch_settlement,True,True,False,True,6.999999999999955,0.6500000000000228,1727789640000000000,False,12647.039999999864
2132,2024-10-01,2024-10-04,3,7.0,persist_2_settlement,True,True,False,True,6.999999999999955,2.9999999999999316,1727792760000000000,False,7947.040000000046
2132,2024-10-01,2024-10-04,3,7.0,persist_3_settlement,True,True,False,True,6.999999999999955,10.0,,True,-6052.960000000091
2132,2024-10-01,2024-10-04,3,7.0,event_strong,True,True,False,True,6.95,10.0,,True,-6152.96
2132,2024-10-01,2024-10-04,3,7.0,event_strong_plausible,True,True,False,True,6.95,3,1727789498451527970,False,7847.04
2132,2024-10-01,2024-10-04,3,7.0,event_conservative,True,True,False,True,6.75,10.0,,True,-6552.96
2163,2024-10-15,2024-10-17,2,5.0,minute_touch_original_quote_terminal,True,True,False,True,4.95,10.0,,True,-10152.96
2163,2024-10-15,2024-10-17,2,5.0,minute_touch_settlement,True,True,False,True,4.95,10.0,,True,-10152.96
2163,2024-10-15,2024-10-17,2,5.0,persist_2_settlement,True,True,False,True,4.95,10.0,,True,-10152.96
2163,2024-10-15,2024-10-17,2,5.0,persist_3_settlement,True,True,False,True,4.95,10.0,,True,-10152.96
2163,2024-10-15,2024-10-17,2,5.0,event_strong,True,True,False,True,4.95,10.0,,True,-10152.96
2163,2024-10-15,2024-10-17,2,5.0,event_strong_plausible,True,True,False,True,4.95,3,1728999073680927420,False,3847.0400000000004
2163,2024-10-15,2024-10-17,2,5.0,event_conservative,True,True,False,True,4.75,10.0,,True,-10552.96
2164,2024-10-15,2024-10-17,2,6.0,minute_touch_original_quote_terminal,True,True,False,True,5.7500000000000115,2.350000000000011,1729001160000000000,False,6747.040000000001
2164,2024-10-15,2024-10-17,2,6.0,minute_touch_settlement,True,True,False,True,5.7500000000000115,2.350000000000011,1729001160000000000,False,6747.040000000001
2164,2024-10-15,2024-10-17,2,6.0,persist_2_settlement,True,True,False,True,5.7500000000000115,10.0,,True,-8552.959999999975
2164,2024-10-15,2024-10-17,2,6.0,persist_3_settlement,True,True,False,True,5.7500000000000115,10.0,,True,-8552.959999999975
2164,2024-10-15,2024-10-17,2,6.0,event_strong,True,True,False,True,5.95,10.0,,True,-8152.96
2164,2024-10-15,2024-10-17,2,6.0,event_strong_plausible,True,True,False,True,5.95,3,1728999351856537992,False,5847.04
2164,2024-10-15,2024-10-17,2,6.0,event_conservative,True,True,False,True,5.75,10.0,,True,-8552.96
2165,2024-10-15,2024-10-17,2,7.0,minute_touch_original_quote_terminal,True,True,False,True,6.950000000000029,10.0,,True,-6152.959999999943
2165,2024-10-15,2024-10-17,2,7.0,minute_touch_settlement,True,True,False,True,6.950000000000029,10.0,,True,-6152.959999999943
2165,2024-10-15,2024-10-17,2,7.0,persist_2_settlement,True,True,False,True,6.950000000000029,10.0,,True,-6152.959999999943
2165,2024-10-15,2024-10-17,2,7.0,persist_3_settlement,True,True,False,True,6.950000000000029,10.0,,True,-6152.959999999943
2165,2024-10-15,2024-10-17,2,7.0,event_strong,True,True,False,True,6.95,10.0,,True,-6152.96
2165,2024-10-15,2024-10-17,2,7.0,event_strong_plausible,True,True,False,True,6.95,3,1728999072842575901,False,7847.04
2165,2024-10-15,2024-10-17,2,7.0,event_conservative,True,True,False,True,6.75,10.0,,True,-6552.96
2232,2024-11-15,2024-11-18,3,5.0,minute_touch_original_quote_terminal,True,True,False,True,5.050000000000009,2.950000000000034,1731685440000000000,False,4147.03999999995
2232,2024-11-15,2024-11-18,3,5.0,minute_touch_settlement,True,True,False,True,5.050000000000009,2.950000000000034,1731685440000000000,False,4147.03999999995
2232,2024-11-15,2024-11-18,3,5.0,persist_2_settlement,True,True,False,True,5.050000000000009,10.0,,True,-9952.959999999981
2232,2024-11-15,2024-11-18,3,5.0,persist_3_settlement,True,True,False,True,5.050000000000009,10.0,,True,-9952.959999999981
2232,2024-11-15,2024-11-18,3,5.0,event_strong,True,True,False,True,4.95,10.0,,True,-10152.96
2232,2024-11-15,2024-11-18,3,5.0,event_strong_plausible,True,True,False,True,4.95,3,1731681067165091869,False,3847.0400000000004
2232,2024-11-15,2024-11-18,3,5.0,event_conservative,True,True,False,True,4.75,10.0,,True,-10552.96
2233,2024-11-15,2024-11-18,3,6.0,minute_touch_original_quote_terminal,True,True,False,True,5.899999999999989,10.0,,True,-8252.960000000021
2233,2024-11-15,2024-11-18,3,6.0,minute_touch_settlement,True,True,False,True,5.899999999999989,10.0,,True,-8252.960000000021
2233,2024-11-15,2024-11-18,3,6.0,persist_2_settlement,True,True,False,True,5.899999999999989,10.0,,True,-8252.960000000021
2233,2024-11-15,2024-11-18,3,6.0,persist_3_settlement,True,True,False,True,5.899999999999989,10.0,,True,-8252.960000000021
2233,2024-11-15,2024-11-18,3,6.0,event_strong,True,True,False,True,5.95,10.0,,True,-8152.96
2233,2024-11-15,2024-11-18,3,6.0,event_strong_plausible,True,True,False,True,5.95,3,1731681067175144627,False,5847.04
2233,2024-11-15,2024-11-18,3,6.0,event_conservative,True,True,False,True,5.75,10.0,,True,-8552.96
2234,2024-11-15,2024-11-18,3,7.0,minute_touch_original_quote_terminal,True,True,False,True,6.95,2.5999999999999543,1731691080000000000,False,8647.040000000092
2234,2024-11-15,2024-11-18,3,7.0,minute_touch_settlement,True,True,False,True,6.95,2.5999999999999543,1731691080000000000,False,8647.040000000092
2234,2024-11-15,2024-11-18,3,7.0,persist_2_settlement,True,True,False,True,6.95,10.0,,True,-6152.96
2234,2024-11-15,2024-11-18,3,7.0,persist_3_settlement,True,True,False,True,6.95,10.0,,True,-6152.96
2234,2024-11-15,2024-11-18,3,7.0,event_strong,True,True,False,True,6.95,10.0,,True,-6152.96
2234,2024-11-15,2024-11-18,3,7.0,event_strong_plausible,True,True,False,True,6.95,3,1731681310348481545,False,7847.04
2234,2024-11-15,2024-11-18,3,7.0,event_conservative,True,True,False,True,6.75,10.0,,True,-6552.96
2262,2024-11-29,2024-12-02,3,5.0,minute_touch_original_quote_terminal,True,True,False,True,5.0000000000000115,2.849999999999997,1732892460000000000,False,4247.040000000029
2262,2024-11-29,2024-12-02,3,5.0,minute_touch_settlement,True,True,False,True,5.0000000000000115,2.849999999999997,1732892460000000000,False,4247.040000000029
2262,2024-11-29,2024-12-02,3,5.0,persist_2_settlement,True,True,False,True,5.0000000000000115,2.8,1732892820000000000,False,4347.040000000024
2262,2024-11-29,2024-12-02,3,5.0,persist_3_settlement,True,True,False,True,5.0000000000000115,2.55,1732892880000000000,False,4847.040000000024
2262,2024-11-29,2024-12-02,3,5.0,event_strong,True,True,False,True,4.95,3,1732893127065367850,False,3847.0400000000004
2262,2024-11-29,2024-12-02,3,5.0,event_strong_plausible,True,True,False,True,4.95,3,1732890660468185686,False,3847.0400000000004
2262,2024-11-29,2024-12-02,3,5.0,event_conservative,True,True,False,True,4.75,3,1732893492268299438,False,3447.04
2263,2024-11-29,2024-12-02,3,6.0,minute_touch_original_quote_terminal,True,True,False,True,5.900000000000003,1.8999999999999944,1732892520000000000,False,7947.040000000018
2263,2024-11-29,2024-12-02,3,6.0,minute_touch_settlement,True,True,False,True,5.900000000000003,1.8999999999999944,1732892520000000000,False,7947.040000000018
2263,2024-11-29,2024-12-02,3,6.0,persist_2_settlement,True,True,False,True,5.900000000000003,2.7500000000000027,1732893660000000000,False,6247.040000000001
2263,2024-11-29,2024-12-02,3,6.0,persist_3_settlement,True,True,False,True,5.900000000000003,2.800000000000007,1732894740000000000,False,6147.039999999992
2263,2024-11-29,2024-12-02,3,6.0,event_strong,True,True,False,True,5.95,3,1732896926835772122,False,5847.04
2263,2024-11-29,2024-12-02,3,6.0,event_strong_plausible,True,True,False,True,5.95,3,1732890662152714357,False,5847.04
2263,2024-11-29,2024-12-02,3,6.0,event_conservative,True,True,False,True,5.75,3,1732896998863020618,False,5447.04
2264,2024-11-29,2024-12-02,3,7.0,minute_touch_original_quote_terminal,True,True,False,True,6.95,2.2500000000000027,1732893420000000000,False,9347.039999999995
2264,2024-11-29,2024-12-02,3,7.0,minute_touch_settlement,True,True,False,True,6.95,2.2500000000000027,1732893420000000000,False,9347.039999999995
2264,2024-11-29,2024-12-02,3,7.0,persist_2_settlement,True,True,False,True,6.95,2.9499999999999913,1732901820000000000,False,7947.040000000018
2264,2024-11-29,2024-12-02,3,7.0,persist_3_settlement,True,True,False,True,6.95,1.2000000000000022,1733149980000000000,False,11447.039999999997
2264,2024-11-29,2024-12-02,3,7.0,event_strong,True,True,False,True,6.95,3,1733149839882659864,False,7847.04
2264,2024-11-29,2024-12-02,3,7.0,event_strong_plausible,True,True,False,True,6.95,3,1732890718264501370,False,7847.04
2264,2024-11-29,2024-12-02,3,7.0,event_conservative,True,True,False,True,6.75,3,1733149870136434951,False,7447.04
2295,2024-12-11,2024-12-13,2,5.0,minute_touch_original_quote_terminal,True,True,False,True,4.95,2.9499999999999984,1733928900000000000,False,3947.0400000000036
2295,2024-12-11,2024-12-13,2,5.0,minute_touch_settlement,True,True,False,True,4.95,2.9499999999999984,1733928900000000000,False,3947.0400000000036
2295,2024-12-11,2024-12-13,2,5.0,persist_2_settlement,True,True,False,True,4.95,2.9999999999999956,1733929380000000000,False,3847.040000000009
2295,2024-12-11,2024-12-13,2,5.0,persist_3_settlement,True,True,False,True,4.95,2.6999999999999984,1733929680000000000,False,4447.040000000004
2295,2024-12-11,2024-12-13,2,5.0,event_strong,True,True,False,True,4.95,3,1733934598526183534,False,3847.0400000000004
2295,2024-12-11,2024-12-13,2,5.0,event_strong_plausible,True,True,False,True,4.95,3,1733927467719840061,False,3847.0400000000004
2295,2024-12-11,2024-12-13,2,5.0,event_conservative,True,True,False,True,4.75,3,1733935203672590536,False,3447.04
2296,2024-12-11,2024-12-13,2,6.0,minute_touch_original_quote_terminal,True,True,False,True,5.95,2.9500000000000055,1733936760000000000,False,5947.039999999989
2296,2024-12-11,2024-12-13,2,6.0,minute_touch_settlement,True,True,False,True,5.95,2.9500000000000055,1733936760000000000,False,5947.039999999989
2296,2024-12-11,2024-12-13,2,6.0,persist_2_settlement,True,True,False,True,5.95,2.9499999999999984,1733936820000000000,False,5947.040000000004
2296,2024-12-11,2024-12-13,2,6.0,persist_3_settlement,True,True,False,True,5.95,2.9500000000000055,1733936880000000000,False,5947.039999999989
2296,2024-12-11,2024-12-13,2,6.0,event_strong,True,True,False,True,5.95,3,1733945065354191875,False,5847.04
2296,2024-12-11,2024-12-13,2,6.0,event_strong_plausible,True,True,False,True,5.95,3,1733927510334620676,False,5847.04
2296,2024-12-11,2024-12-13,2,6.0,event_conservative,True,True,False,True,5.75,3,1734100215661849689,False,5447.04
2297,2024-12-11,2024-12-13,2,7.0,minute_touch_original_quote_terminal,True,True,False,True,6.999999999999983,2.8999999999999977,1734100260000000000,False,8147.039999999971
2297,2024-12-11,2024-12-13,2,7.0,minute_touch_settlement,True,True,False,True,6.999999999999983,2.8999999999999977,1734100260000000000,False,8147.039999999971
2297,2024-12-11,2024-12-13,2,7.0,persist_2_settlement,True,True,False,True,6.999999999999983,2.9000000000000012,1734100320000000000,False,8147.039999999964
2297,2024-12-11,2024-12-13,2,7.0,persist_3_settlement,True,True,False,True,6.999999999999983,2.8,1734100380000000000,False,8347.039999999968
2297,2024-12-11,2024-12-13,2,7.0,event_strong,True,True,False,True,6.95,3,1734100481002009568,False,7847.04
2297,2024-12-11,2024-12-13,2,7.0,event_strong_plausible,True,True,False,True,6.95,3,1733928462109097462,False,7847.04
2297,2024-12-11,2024-12-13,2,7.0,event_conservative,True,True,False,True,6.75,3,1734100610439857663,False,7447.04
2322,2024-12-27,2024-12-30,3,5.0,minute_touch_original_quote_terminal,True,True,False,True,4.95,0.05,1735592400000000000,False,9747.04
2322,2024-12-27,2024-12-30,3,5.0,minute_touch_settlement,True,True,False,True,4.95,0.05,1735592400000000000,False,9747.04
2322,2024-12-27,2024-12-30,3,5.0,persist_2_settlement,True,True,False,True,4.95,10.0,,True,-10152.96
2322,2024-12-27,2024-12-30,3,5.0,persist_3_settlement,True,True,False,True,4.95,10.0,,True,-10152.96
2322,2024-12-27,2024-12-30,3,5.0,event_strong,True,True,False,True,4.95,10.0,,True,-10152.96
2322,2024-12-27,2024-12-30,3,5.0,event_strong_plausible,True,True,False,True,4.95,3,1735309872306435201,False,3847.0400000000004
2322,2024-12-27,2024-12-30,3,5.0,event_conservative,True,True,False,True,4.75,10.0,,True,-10552.96
2323,2024-12-27,2024-12-30,3,6.0,minute_touch_original_quote_terminal,True,True,False,True,5.95,10.0,,True,-8152.96
2323,2024-12-27,2024-12-30,3,6.0,minute_touch_settlement,True,True,False,True,5.95,10.0,,True,-8152.96
2323,2024-12-27,2024-12-30,3,6.0,persist_2_settlement,True,True,False,True,5.95,10.0,,True,-8152.96
2323,2024-12-27,2024-12-30,3,6.0,persist_3_settlement,True,True,False,True,5.95,10.0,,True,-8152.96
2323,2024-12-27,2024-12-30,3,6.0,event_strong,True,True,False,True,5.95,10.0,,True,-8152.96
2323,2024-12-27,2024-12-30,3,6.0,event_strong_plausible,True,True,False,True,5.95,3,1735309872330086303,False,5847.04
2323,2024-12-27,2024-12-30,3,6.0,event_conservative,True,True,False,True,5.75,10.0,,True,-8552.96
2324,2024-12-27,2024-12-30,3,7.0,minute_touch_original_quote_terminal,True,True,False,True,6.95,1.4000000000000228,1735592220000000000,False,11047.039999999955
2324,2024-12-27,2024-12-30,3,7.0,minute_touch_settlement,True,True,False,True,6.95,1.4000000000000228,1735592220000000000,False,11047.039999999955
2324,2024-12-27,2024-12-30,3,7.0,persist_2_settlement,True,True,False,True,6.95,10.0,,True,-6152.96
2324,2024-12-27,2024-12-30,3,7.0,persist_3_settlement,True,True,False,True,6.95,10.0,,True,-6152.96
2324,2024-12-27,2024-12-30,3,7.0,event_strong,True,True,False,True,6.95,10.0,,True,-6152.96
2324,2024-12-27,2024-12-30,3,7.0,event_strong_plausible,True,True,False,True,6.95,3,1735309895118770198,False,7847.04
2324,2024-12-27,2024-12-30,3,7.0,event_conservative,True,True,False,True,6.75,10.0,,True,-6552.96
